PrintedDate,ItemCode,Description,Price,Cost,Quantity
2019-02-12 17:22:45,00001,Azima coklat tua,105000.0,69600.0,0.0
2019-02-12 17:22:45,00002,Azima merah,105000.0,69600.0,0.0
2019-02-12 17:22:45,00003,Azima ungu magenta tua,105000.0,69600.0,0.0
2019-02-12 17:22:45,00004,Syakira M pink salem,85000.0,56600.0,0.0
2019-02-12 17:22:45,00005,Alifa 130 pink bata tua,57000.0,38450.0,0.0
2019-02-12 17:22:45,00006,Alifa130 hitam,59500.0,38300.0,1.0
2019-02-12 17:22:45,00007,Alifa 130 dusty pink muda,57000.0,38450.0,0.0
2019-02-12 17:22:45,00008,Alifa130 kunkun,59500.0,38300.0,0.0
2019-02-12 17:22:45,00009,Alifa130 maroon,59500.0,38300.0,0.0
2019-02-12 17:22:45,00010,Alifa 130 benhur,57000.0,38450.0,0.0
2019-02-12 17:22:45,00011,Alifa 130 biru,57000.0,38450.0,0.0
2019-02-12 17:22:45,00012,Alifa 130 coklat susu,57000.0,38450.0,0.0
2019-02-12 17:22:45,00013,Alifa 150 kuning muda,65000.0,43650.0,0.0
2019-02-12 17:22:45,00014,Alifa 150 hijau army,65000.0,43650.0,0.0
2019-02-12 17:22:45,00015,Alifa 150 dongker,65000.0,43650.0,0.0
2019-02-12 17:22:45,00016,Alifa 150 abu,65000.0,43650.0,0.0
2019-02-12 17:22:45,00017,Alifa 150 hitam,65000.0,43750.0,0.0
2019-02-12 17:22:45,00018,Alifa 150 dusty pink,65000.0,43650.0,0.0
2019-02-12 17:22:45,00019,Alifa 150 maroon,65000.0,43650.0,0.0
2019-02-12 17:22:45,00020,Alifa Oval hijau tosca,57000.0,38450.0,0.0
2019-02-12 17:22:45,00021,Alifa Motif 1,70000.0,48000.0,0.0
2019-02-12 17:22:45,00022,Arumi S krem muda,52000.0,35200.0,0.0
2019-02-12 17:22:45,00023,Arumi S ungu muda,52000.0,35200.0,0.0
2019-02-12 17:22:45,00025,Arumi L biru muda,65000.0,43750.0,0.0
2019-02-12 17:22:45,00026,Syahida M pink,89000.0,59200.0,0.0
2019-02-12 17:22:45,00027,Syahida L biru muda,93000.0,61800.0,0.0
2019-02-12 17:22:45,00028,Syahida L hitam,95000.0,62750.0,0.0
2019-02-12 17:22:45,00029,Syahida L krem,93000.0,61800.0,0.0
2019-02-12 17:22:45,00030,Pastan Debie putih tulang,93000.0,80000.0,0.0
2019-02-12 17:22:45,00031,Pastan Debie caramel,93000.0,80000.0,0.0
2019-02-12 17:22:45,00032,Pastan Debie tosca,93000.0,80000.0,0.0
2019-02-12 17:22:45,00033,Pastan Debie Pet elektrik,115000.0,95000.0,0.0
2019-02-12 17:22:45,00034,Pastan Debie Pet tosca muda,115000.0,95000.0,1.0
2019-02-12 17:22:45,00035,Pastan Wanoja Pet Antem L navy,120000.0,95000.0,0.0
2019-02-12 17:22:45,00036,Pastan Wanoja Pet Antem L light coral,120000.0,93000.0,0.0
2019-02-12 17:22:45,00037,Pastan Wanoja Pet Antem L ruby maroon,120000.0,93000.0,0.0
2019-02-12 17:22:45,00038,Pastan Wanoja Pet Antem L salmon,120000.0,93000.0,0.0
2019-02-12 17:22:45,00039,Pastan Wanoja Pet Antem XL light coral,130000.0,104000.0,0.0
2019-02-12 17:22:45,00040,Pastan Wanoja Pet Antem XL caramel,130000.0,104000.0,0.0
2019-02-12 17:22:45,00041,Pastan Wanoja Pet Antem XL peach,130000.0,104000.0,0.0
2019-02-12 17:22:45,00042,Pastan Wanoja Pet Antem XL light sky blue,130000.0,104000.0,0.0
2019-02-12 17:22:45,00043,Pastan Wanoja Pet Antem XL salmon,130000.0,104000.0,0.0
2019-02-12 17:22:45,00044,Hanifa M pink salem tua,110000.0,72800.0,0.0
2019-02-12 17:22:45,00045,Hanifa M hijau redup,110000.0,72800.0,1.0
2019-02-12 17:22:45,00046,Hanifa M kunyit tua,110000.0,72800.0,0.0
2019-02-12 17:22:45,00047,Hanifa L abu muda,125000.0,81300.0,1.0
2019-02-12 17:22:45,00048,Hanifa L coklat kopi,123000.0,81300.0,0.0
2019-02-12 17:22:45,00049,Nabila 130 abu,55000.0,38500.0,0.0
2019-02-12 17:22:45,00050,Nabila 130 biru lama,57000.0,38500.0,0.0
2019-02-12 17:22:45,00051,Nabila Rawis 130 biru muda,53000.0,35800.0,0.0
2019-02-12 17:22:45,00052,Nabila Rawis 130 dark purple,53000.0,35800.0,0.0
2019-02-12 17:22:45,00053,Nabila Rawis 130 dongker,55000.0,36750.0,0.0
2019-02-12 17:22:45,00054,Nabila Rawis 130 hijau tosca,53000.0,35800.0,0.0
2019-02-12 17:22:45,00055,Nabila Rawis 130 krem muda,53000.0,35800.0,0.0
2019-02-12 17:22:45,00056,Nabila Rawis 130 magenta,53000.0,35800.0,0.0
2019-02-12 17:22:45,00057,Nabila Rawis 130 milo,53000.0,35800.0,0.0
2019-02-12 17:22:45,00058,Nabila Rawis 130 pink salem,53000.0,35800.0,0.0
2019-02-12 17:22:45,00059,Medina ungu,100000.0,66300.0,0.0
2019-02-12 17:22:45,00060,Velvet Jipon ungu redup,50000.0,33800.0,0.0
2019-02-12 17:22:45,00061,Velvet Jipon coklat,50000.0,33800.0,0.0
2019-02-12 17:22:45,00062,Velvet Jipon ungu muda,50000.0,33800.0,0.0
2019-02-12 17:22:45,00063,Asyifa M abu,53000.0,35950.0,0.0
2019-02-12 17:22:45,00064,Asyifa M krem,53000.0,35950.0,0.0
2019-02-12 17:22:45,00065,Asyifa M pink pekat,53000.0,35950.0,0.0
2019-02-12 17:22:45,00066,Namira dongker,100000.0,66500.0,0.0
2019-02-12 17:22:45,00067,Namira hijau army,98000.0,65000.0,0.0
2019-02-12 17:22:45,00068,Classic Long Dress R04 XL,85000.0,57000.0,0.0
2019-02-12 17:22:45,00069,Classic Long Dress K277 M,85000.0,57000.0,-1.0
2019-02-12 17:22:45,00070,Classic Long Dress K278 M,85000.0,57000.0,0.0
2019-02-12 17:22:45,00071,Classic Long Dress K279 XL,85000.0,57000.0,0.0
2019-02-12 17:22:45,00072,Classic Long Dress KK02 L,90000.0,59000.0,0.0
2019-02-12 17:22:45,00073,Classic Long Dress KK04 L,90000.0,59000.0,0.0
2019-02-12 17:22:45,00074,Classic Long Dress KK05 M,90000.0,59000.0,0.0
2019-02-12 17:22:45,00075,Classic Long Dress KK07 L,90000.0,59000.0,0.0
2019-02-12 17:22:45,00076,Classic Long Dress KK09 L,90000.0,59000.0,0.0
2019-02-12 17:22:45,00077,Classic Long Dress KK09 XL,90000.0,59000.0,0.0
2019-02-12 17:22:45,00078,Classic Long Dress KK10 M,90000.0,59000.0,0.0
2019-02-12 17:22:45,00079,Classic Long Dress KK11 L,90000.0,59000.0,0.0
2019-02-12 17:22:45,00080,Kania Odress OK01 M,207000.0,150000.0,1.0
2019-02-12 17:22:45,00081,Kania Odress OK02 S,207000.0,150000.0,0.0
2019-02-12 17:22:45,00082,Kania Odress OK03 L,207000.0,150000.0,1.0
2019-02-12 17:22:45,00083,Kania Odress OK03 XL,207000.0,150000.0,1.0
2019-02-12 17:22:45,00084,Kania Odress OK04 L,207000.0,150000.0,0.0
2019-02-12 17:22:45,00085,Kania Odress OK05 XL,207000.0,150000.0,1.0
2019-02-12 17:22:45,00086,Lenna Odress elektrik M,207000.0,150000.0,0.0
2019-02-12 17:22:45,00087,Lenna Odress fanta M,207000.0,150000.0,1.0
2019-02-12 17:22:45,00088,Lenna Odress milo L,207000.0,150000.0,1.0
2019-02-12 17:22:45,00089,Leandra Odress mint M,225000.0,162500.0,0.0
2019-02-12 17:22:45,00090,Leandra Odress coklat batang S,225000.0,162500.0,0.0
2019-02-12 17:22:45,00091,Ayunda Odress 02 M,195000.0,140000.0,0.0
2019-02-12 17:22:45,00092,Ayunda Odress 02 L,195000.0,140000.0,1.0
2019-02-12 17:22:45,00093,Ayra Musleema abu muda L,210000.0,141500.0,1.0
2019-02-12 17:22:45,00094,Sefia Musleema coklat tanah,225000.0,151300.0,0.0
2019-02-12 17:22:45,00095,Parkit Wanoja hitam XS,300000.0,245000.0,0.0
2019-02-12 17:22:45,00096,Parkit Wanoja mustard M,300000.0,245000.0,0.0
2019-02-12 17:22:45,00097,Parkit Wanoja maroon M,300000.0,245000.0,0.0
2019-02-12 17:22:45,00098,Parkit Wanoja navy M,300000.0,245000.0,0.0
2019-02-12 17:22:45,00099,Parkit Wanoja dusty purple S,300000.0,245000.0,0.0
2019-02-12 17:22:45,00100,Ibis Wanoja cream XXL,305000.0,250000.0,1.0
2019-02-12 17:22:45,00101,Ibis Wanoja turqis XXL,305000.0,250000.0,0.0
2019-02-12 17:22:45,00102,Camar Wanoja black XS,295000.0,211500.0,0.0
2019-02-12 17:22:45,00103,Camar Wanoja black L,295000.0,211500.0,0.0
2019-02-12 17:22:45,00104,Camar Wanoja black XL,295000.0,211500.0,1.0
2019-02-12 17:22:45,00105,Camar Wanoja black Jumbo,295000.0,211500.0,0.0
2019-02-12 17:22:45,00106,Camar Wanoja navy XS,295000.0,211500.0,0.0
2019-02-12 17:22:45,00107,Camar Wanoja navy XL,295000.0,211500.0,0.0
2019-02-12 17:22:45,00108,Camar Wanoja biru pastel XS,295000.0,211500.0,0.0
2019-02-12 17:22:45,00109,Anis Wanoja pink grey XL,267000.0,191900.0,1.0
2019-02-12 17:22:45,00110,Anis Wanoja pink grey XXL,267000.0,191900.0,1.0
2019-02-12 17:22:45,00111,Anis Wanoja navy light coral JMB,267000.0,191900.0,0.0
2019-02-12 17:22:45,00112,Anis Wanoja light coral navy XXL,267000.0,191900.0,1.0
2019-02-12 17:22:45,00113,Gelatik Set black M,395000.0,346000.0,0.0
2019-02-12 17:22:45,00114,Gelatik Set navy S,395000.0,346000.0,0.0
2019-02-12 17:22:45,00115,Gelatik Set navy M,395000.0,346000.0,0.0
2019-02-12 17:22:45,00116,Gelatik Set dusty pink S,395000.0,346000.0,0.0
2019-02-12 17:22:45,00117,Gelatik Set dusty pink M,395000.0,346000.0,0.0
2019-02-12 17:22:45,00118,Nuri Set Wanoja aquamarine M,442000.0,336500.0,0.0
2019-02-12 17:22:45,00119,Nuri Set Wanoja aquamarine L,442000.0,336500.0,1.0
2019-02-12 17:22:45,00120,Nuri Set Wanoja pastel purple L,442000.0,336500.0,1.0
2019-02-12 17:22:45,00121,Mukena Rayon Premium MP143,145000.0,101500.0,0.0
2019-02-12 17:22:45,00122,Mukena Rayon Premium MP167,145000.0,101500.0,-1.0
2019-02-12 17:22:45,00123,Mukena Rayon Premium MP169,145000.0,101500.0,0.0
2019-02-12 17:22:45,00124,Mukena Rayon Premium MP171,145000.0,101500.0,0.0
2019-02-12 17:22:45,00125,Mukena Rayon Premium MP179,140000.0,101500.0,0.0
2019-02-12 17:22:45,00126,Mukena Rayon Premium kuning,165000.0,115500.0,0.0
2019-02-12 17:22:45,00127,Mukena Rayon Premium tosca,165000.0,115500.0,0.0
2019-02-12 17:22:45,00128,JP Nida ungu,12000.0,6000.0,9.0
2019-02-12 17:22:45,00129,JP Nida peach,12000.0,6000.0,5.0
2019-02-12 17:22:45,00130,JP Nida pink,12000.0,6000.0,-1.0
2019-02-12 17:22:45,00131,JP Nida mint,12000.0,6000.0,10.0
2019-02-12 17:22:45,00132,JP Nida putih,11000.0,5800.0,2.0
2019-02-12 17:22:45,00133,Kaos Kaki Jempol Nida Motif bunga kecil,13000.0,7000.0,0.0
2019-02-12 17:22:45,00134,Kaos Kaki Jempol Nida Motif kotak,13000.0,7000.0,0.0
2019-02-12 17:22:45,00135,Kaos Kaki Jempol Nida Motif kupu,13000.0,7000.0,0.0
2019-02-12 17:22:45,00136,Kaos Kaki Jempol Nida Motif gelang kaki,13000.0,7000.0,0.0
2019-02-12 17:22:45,00137,Kaos Kaki Syakira seri sarah,100000.0,72000.0,0.0
2019-02-12 17:22:45,00138,Kaos Kaki Syakira seri safana,100000.0,72000.0,0.0
2019-02-12 17:22:45,00139,Kaos Kaki Syakira seri lubna,100000.0,72000.0,0.0
2019-02-12 17:22:45,00140,Kaos Kaki Syakira seri sajidah,100000.0,72000.0,0.0
2019-02-12 17:22:45,00141,Kaos Kaki Syakira seri syahla,100000.0,72000.0,-1.0
2019-02-12 17:22:45,00142,Kaos Kaki Syakira seri nusaiba,100000.0,72000.0,0.0
2019-02-12 17:22:45,00143,Manset Basic Polos dongker,15000.0,5700.0,0.0
2019-02-12 17:22:45,00144,Manset Basic Polos putih,15000.0,5700.0,2.0
2019-02-12 17:22:45,00145,Manset Basic Polos biru,15000.0,5700.0,0.0
2019-02-12 17:22:45,00146,Manset Basic Polos lavender,15000.0,5700.0,0.0
2019-02-12 17:22:45,00147,Manset Basic Polos baby pink,15000.0,5700.0,1.0
2019-02-12 17:22:45,00148,Manset Basic Polos krem muda,15000.0,5700.0,0.0
2019-02-12 17:22:45,00149,Manset Basic Polos maroon,15000.0,5700.0,0.0
2019-02-12 17:22:45,00150,Handsock Pita hitam,20000.0,6500.0,0.0
2019-02-12 17:22:45,00151,Handsock Polos hitam,19000.0,6000.0,0.0
2019-02-12 17:22:45,00152,Celana Rangkap ungu tua,30000.0,14000.0,0.0
2019-02-12 17:22:45,00153,Celana Rangkap dongker,30000.0,14000.0,0.0
2019-02-12 17:22:45,00154,Celana Rangkap coklat tua,30000.0,14000.0,0.0
2019-02-12 17:22:45,00155,Celana Rangkap hitam,30000.0,14000.0,0.0
2019-02-12 17:22:45,00156,Celana Rangkap maroon,30000.0,14000.0,0.0
2019-02-12 17:22:45,00157,Ciput Rajut Kupluk hitam,20000.0,8000.0,0.0
2019-02-12 17:22:45,00158,Ciput Rajut Kupluk dongker,20000.0,8000.0,0.0
2019-02-12 17:22:45,00159,Ciput Rajut Kupluk putih,20000.0,8000.0,0.0
2019-02-12 17:22:45,00160,Ciput Rajut Kupluk coklat tutung,20000.0,8000.0,0.0
2019-02-12 17:22:45,00161,Ciput Rajut Kupluk coklat tua,20000.0,8000.0,0.0
2019-02-12 17:22:45,00162,Ciput Rajut Kupluk abu muda,20000.0,8000.0,0.0
2019-02-12 17:22:45,00163,Ciput Rajut Kupluk green tea,20000.0,8000.0,0.0
2019-02-12 17:22:45,00164,Ciput Rajut Kupluk ungu muda,20000.0,8000.0,0.0
2019-02-12 17:22:45,00165,Ciput Rajut Kupluk biru laut,20000.0,8000.0,0.0
2019-02-12 17:22:45,00166,Ciput Rajut Kupluk coksu,20000.0,8000.0,0.0
2019-02-12 17:22:45,00167,Ciput Rajut Kupluk maroon,20000.0,8000.0,0.0
2019-02-12 17:22:45,00168,Ciput Rajut Kupluk dusty pink,20000.0,8000.0,0.0
2019-02-12 17:22:45,00169,Ciput Rajut Kupluk pink salem,20000.0,8000.0,0.0
2019-02-12 17:22:45,00170,Ciput Rajut Kupluk pink salem muda,20000.0,8000.0,0.0
2019-02-12 17:22:45,00171,Ciput Rajut Bandana hitam,20000.0,8000.0,0.0
2019-02-12 17:22:45,00172,Ciput Rajut Bandana dongker,20000.0,8000.0,0.0
2019-02-12 17:22:45,00173,Ciput Rajut Bandana abu muda,20000.0,8000.0,0.0
2019-02-12 17:22:45,00174,Ciput Rajut Bandana maroon tua,20000.0,8000.0,0.0
2019-02-12 17:22:45,00175,Ciput Rajut Bandana green tea,20000.0,8000.0,0.0
2019-02-12 17:22:45,00176,Ciput Rajut Bandana biru laut,20000.0,8000.0,0.0
2019-02-12 17:22:45,00177,Ciput Rajut Bandana coksu,20000.0,8000.0,0.0
2019-02-12 17:22:45,00178,Ciput Rajut Bandana ungu muda,20000.0,8000.0,0.0
2019-02-12 17:22:45,00179,Ciput Rajut Bandana pink muda,20000.0,8000.0,0.0
2019-02-12 17:22:45,00180,Ciput Rajut Bandana dusty pink,20000.0,8000.0,0.0
2019-02-12 17:22:45,00181,Ciput Rajut Kerut putih,20000.0,8000.0,0.0
2019-02-12 17:22:45,00182,Hijab Klip Wavy Original white series,35000.0,20000.0,-1.0
2019-02-12 17:22:45,00183,Hijab Klip Wavy Original pearl series,35000.0,20000.0,0.0
2019-02-12 17:22:45,00184,Hijab Klip Wavy Original classic series,35000.0,20000.0,6.0
2019-02-12 17:22:45,00185,Hijab Klip Wavy Original rose series,35000.0,20000.0,12.0
2019-02-12 17:22:45,00186,Hijab Klip Wavy Original black series,35000.0,20000.0,0.0
2019-02-12 17:22:45,00187,Kalina abu,87000.0,57900.0,0.0
2019-02-12 17:22:45,00188,Kalina benhur,87000.0,57900.0,0.0
2019-02-12 17:22:45,00189,Kalina biru,87000.0,57900.0,0.0
2019-02-12 17:22:45,00190,Kalina biru tosca,87000.0,57900.0,0.0
2019-02-12 17:22:45,00191,Kalina biru tosca tua,87000.0,57900.0,0.0
2019-02-12 17:22:45,00192,Kalina coklat tua,87000.0,57900.0,0.0
2019-02-12 17:22:45,00193,Kalina hijau army,87000.0,57900.0,0.0
2019-02-12 17:22:45,00194,Kalina magentu,87000.0,57900.0,0.0
2019-02-12 17:22:45,00195,Ciput Rajut Kupluk tosca,20000.0,8000.0,0.0
2019-02-12 17:22:45,00196,JP Nida biru,12000.0,6000.0,11.0
2019-02-12 17:22:45,00197,Hanifa L hitam,125000.0,82750.0,0.0
2019-02-12 17:22:45,00198,Classic Long Dress K236 L,85000.0,57000.0,0.0
2019-02-12 17:22:45,00199,Classic Long Dress Karina11,90000.0,60000.0,0.0
2019-02-12 17:22:45,00200,Classic Long Dress KK17 XL,90000.0,57000.0,0.0
2019-02-12 17:22:45,00201,Classic Long Dress KK18 L,90000.0,59000.0,0.0
2019-02-12 17:22:45,00202,Classic Long Dress Karina1,90000.0,59000.0,0.0
2019-02-12 17:22:45,00203,Classic Long Dress Karina2,90000.0,59000.0,0.0
2019-02-12 17:22:45,00204,Classic Long Dress Karina3,90000.0,59000.0,0.0
2019-02-12 17:22:45,00205,Classic Long Dress Karina4,90000.0,59000.0,0.0
2019-02-12 17:22:45,00206,Classic Long Dress Karina5,90000.0,59000.0,0.0
2019-02-12 17:22:45,00207,Classic Long Dress Karina6,90000.0,59000.0,0.0
2019-02-12 17:22:45,00208,Classic Long Dress Karina7,90000.0,59000.0,0.0
2019-02-12 17:22:45,00209,Classic Long Dress Karina8,90000.0,59000.0,0.0
2019-02-12 17:22:45,00210,Classic Long Dress Karina9,90000.0,59000.0,0.0
2019-02-12 17:22:45,00211,Manset Basic Polos hitam,15000.0,5700.0,0.0
2019-02-12 17:22:45,00212,Syakira M ungmud,87000.0,58000.0,4.0
2019-02-12 17:22:45,00213,Mukena Rayon Premium MP153,145000.0,101500.0,0.0
2019-02-12 17:22:45,00214,Mukena Rayon Premium MP177,145000.0,101600.0,0.0
2019-02-12 17:22:45,00215,Mukena Rayon Premium MP180,145000.0,101600.0,0.0
2019-02-12 17:22:45,00216,Aryani 130 kunyit tua,69000.0,46200.0,0.0
2019-02-12 17:22:45,00217,Azima abu,105000.0,69600.0,0.0
2019-02-12 17:22:45,00218,Azima ungu tua,105000.0,69600.0,0.0
2019-02-12 17:22:45,00219,Syakira M fanta,85000.0,56600.0,0.0
2019-02-12 17:22:45,00220,Syakira M turqis,85000.0,56600.0,0.0
2019-02-12 17:22:45,00221,Classic Long Dress KK03 XL,90000.0,59000.0,0.0
2019-02-12 17:22:45,00222,Classic Long Dress KK08 XL,90000.0,59000.0,0.0
2019-02-12 17:22:45,00223,Classic Long Dress Karina10,90000.0,59000.0,0.0
2019-02-12 17:22:45,00224,Pastan Wanoja Pet Antem XL hitam,130000.0,104000.0,0.0
2019-02-12 17:22:45,00225,Syahida M coksu,91000.0,60150.0,1.0
2019-02-12 17:22:45,00226,Syahida L dusty pink muda,93000.0,61800.0,0.0
2019-02-12 17:22:45,00227,Mukena Rayon Premium MP160,145000.0,101500.0,0.0
2019-02-12 17:22:45,00228,Mukena Rayon Premium MP168,145000.0,101500.0,0.0
2019-02-12 17:22:45,00229,Mukena Rayon Premium MP170,145000.0,101500.0,0.0
2019-02-12 17:22:45,00230,Mukena Rayon Premium MP174,145000.0,101500.0,0.0
2019-02-12 17:22:45,00231,Mukena Rayon Premium MP175,145000.0,101500.0,0.0
2019-02-12 17:22:45,00232,Mukena Rayon Premium MP162,145000.0,101500.0,0.0
2019-02-12 17:22:45,00233,Ibis Wanoja black L,350000.0,250000.0,0.0
2019-02-12 17:22:45,00234,Pastan Wanoja Pet Antem XL navy,130000.0,104000.0,0.0
2019-02-12 17:22:45,00235,Ciput Bandana,20000.0,8000.0,-3.0
2019-02-12 17:22:45,00236,JP Nida coksu,12000.0,6000.0,24.0
2019-02-12 17:22:45,00237,JP Nida abu,12000.0,6000.0,24.0
2019-02-12 17:22:45,00238,Pastan Wanoja Pet Antem XL Slate Grey,130000.0,104000.0,0.0
2019-02-12 17:22:45,00239,Aryani 130 Abu,69000.0,46350.0,0.0
2019-02-12 17:22:45,00240,Aryani 130 Dusty Pink,69000.0,46350.0,0.0
2019-02-12 17:22:45,00241,Aryani 130 Abu Tua,69000.0,46350.0,0.0
2019-02-12 17:22:45,00242,Aryani 130 Dongker,69000.0,46350.0,0.0
2019-02-12 17:22:45,00243,Aryani 130 Hijau Pastel,69000.0,46350.0,0.0
2019-02-12 17:22:45,00244,Aryani 130 Merah,69000.0,46350.0,0.0
2019-02-12 17:22:45,00245,Aryani 130 Ungu Redup,69000.0,46350.0,0.0
2019-02-12 17:22:45,00246,Aryani 130 Krem,69000.0,46350.0,-1.0
2019-02-12 17:22:45,00247,Aryani 150 maroon,77000.0,52050.0,0.0
2019-02-12 17:22:45,00248,Aryani 150 Hitam,77000.0,52050.0,0.0
2019-02-12 17:22:45,00249,Aryani 150 Putih,77000.0,52050.0,0.0
2019-02-12 17:22:45,00250,Aryani 150 Dusty Pink,77000.0,52050.0,0.0
2019-02-12 17:22:45,00251,Aryani 150 Abu,77000.0,52050.0,0.0
2019-02-12 17:22:45,00252,Aryani 150 Dongker,77000.0,52050.0,0.0
2019-02-12 17:22:45,00253,Aryani 130 Milo,69000.0,46350.0,0.0
2019-02-12 17:22:45,00254,Aryani 130 hitam,69000.0,46350.0,0.0
2019-02-12 17:22:45,00255,Kaos Kaki Syakira seri salwa,100000.0,67500.0,0.0
2019-02-12 17:22:45,00256,Kaos Kaki Syakira seri afifah,100000.0,67500.0,0.0
2019-02-12 17:22:45,00257,Kaos Kaki Syakira seri hanima,100000.0,67500.0,0.0
2019-02-12 17:22:45,00258,Kaos Kaki Syakira seri namira,100000.0,67500.0,-1.0
2019-02-12 17:22:45,00259,Kaos Kaki Syakira seri labiba,100000.0,67500.0,0.0
2019-02-12 17:22:45,00260,Kaos Kaki Syakira seri adzima,100000.0,67500.0,0.0
2019-02-12 17:22:45,00261,Kaos Kaki Syakira seri aleema,100000.0,67500.0,0.0
2019-02-12 17:22:45,00262,Kaos Kaki Syakira seri asma,100000.0,67500.0,0.0
2019-02-12 17:22:45,00263,Dadali baby pink L,149000.0,109000.0,0.0
2019-02-12 17:22:45,00264,[HL] Dadali baby pink S,120000.0,89000.0,0.0
2019-02-12 17:22:45,00265,[HL] Dadali lavender S,120000.0,89000.0,0.0
2019-02-12 17:22:45,00266,Dadali mint M,149000.0,109000.0,0.0
2019-02-12 17:22:45,00267,Dadali Daily dusty pink L,120000.0,89000.0,0.0
2019-02-12 17:22:45,00268,Pastan Wanoja Pet Antem L turqis,120000.0,95000.0,0.0
2019-02-12 17:22:45,00269,Pastan Wanoja Pet Antem L grape,120000.0,95000.0,0.0
2019-02-12 17:22:45,00270,Kaos Kaki Klasik Panjang Nida coksu,12000.0,6300.0,7.0
2019-02-12 17:22:45,00271,Kaos Kaki Klasik Panjang Nida hitam,12000.0,6300.0,19.0
2019-02-12 17:22:45,00272,Classic Long Dress K236 L,85000.0,57000.0,-1.0
2019-02-12 17:22:45,00273,Syakira M coksu,87000.0,58000.0,5.0
2019-02-12 17:22:45,00274,Syakira M dongker,85000.0,56750.0,0.0
2019-02-12 17:22:45,00275,Syakira M maroon,87000.0,58000.0,0.0
2019-02-12 17:22:45,00276,Syakira M hijau pupus,85000.0,56750.0,0.0
2019-02-12 17:22:45,00277,Syakira M dusty pink tua,85000.0,56750.0,0.0
2019-02-12 17:22:45,00278,Syakira M hitam,87000.0,58000.0,0.0
2019-02-12 17:22:45,00279,Syakira M dusty pink,85000.0,56750.0,0.0
2019-02-12 17:22:45,00280,Syakira M biru muda,85000.0,56750.0,0.0
2019-02-12 17:22:45,00281,Syakira M abu,87000.0,58000.0,0.0
2019-02-12 17:22:45,00282,Syakira M putih,85000.0,56750.0,0.0
2019-02-12 17:22:45,00283,Celana Rangkap tosca,30000.0,14000.0,0.0
2019-02-12 17:22:45,00284,Celana Rangkap pink,30000.0,14000.0,0.0
2019-02-12 17:22:45,00285,Celana Rangkap abu,30000.0,14000.0,0.0
2019-02-12 17:22:45,00286,Pastan Wanoja Pet Antem L black,120000.0,93000.0,-2.0
2019-02-12 17:22:45,00287,Kalina hitam,87000.0,57550.0,0.0
2019-02-12 17:22:45,00289,Kalina biru pastel,87000.0,58050.0,0.0
2019-02-12 17:22:45,00290,Kalina coklat PNS,87000.0,58050.0,0.0
2019-02-12 17:22:45,00291,Kalina dongker,87000.0,57550.0,1.0
2019-02-12 17:22:45,00292,Kalina dupink,87000.0,57550.0,0.0
2019-02-12 17:22:45,00293,Kalina maroon,87000.0,57550.0,0.0
2019-02-12 17:22:45,00294,Kalina pink pekat,87000.0,58050.0,0.0
2019-02-12 17:22:45,00295,Kalina putih,87000.0,58050.0,0.0
2019-02-12 17:22:45,00296,Kalina ungu muda,87000.0,58050.0,0.0
2019-02-12 17:22:45,00297,Classic Long Dress KK12 M,90000.0,60000.0,0.0
2019-02-12 17:22:45,00298,Classic Long Dress KK12 L,90000.0,60000.0,0.0
2019-02-12 17:22:45,00299,Classic Long Dress KK12 XL,90000.0,60000.0,0.0
2019-02-12 17:22:45,00300,Classic Long Dress KK13 M,90000.0,60000.0,0.0
2019-02-12 17:22:45,00301,Classic Long Dress KK13 L,90000.0,60000.0,0.0
2019-02-12 17:22:45,00302,Classic Long Dress KK13 XL,90000.0,60000.0,0.0
2019-02-12 17:22:45,00303,Classic Long Dress KK14 M,90000.0,60000.0,0.0
2019-02-12 17:22:45,00304,Classic Long Dress KK14 L,90000.0,60000.0,0.0
2019-02-12 17:22:45,00305,Classic Long Dress KK14 XL,90000.0,60000.0,-1.0
2019-02-12 17:22:45,00306,Classic Long Dress KK15 M,90000.0,60000.0,0.0
2019-02-12 17:22:45,00307,Classic Long Dress KK15 XL,90000.0,60000.0,0.0
2019-02-12 17:22:45,00308,Classic Long Dress KK16 M,90000.0,60000.0,0.0
2019-02-12 17:22:45,00309,Classic Long Dress KK16 L,90000.0,60000.0,0.0
2019-02-12 17:22:45,00310,Classic Long Dress KK16 XL,90000.0,60000.0,0.0
2019-02-12 17:22:45,00311,[HL] Dadali navy S,120000.0,89000.0,0.0
2019-02-12 17:22:45,00312,[HL] Dadali navy M,120000.0,89000.0,0.0
2019-02-12 17:22:45,00313,Dadali black S,120000.0,89000.0,0.0
2019-02-12 17:22:45,00314,[HL] Dadali black M,120000.0,89000.0,0.0
2019-02-12 17:22:45,00315,Dadali black XL,120000.0,89000.0,0.0
2019-02-12 17:22:45,00317,Dadali lavender XL,120000.0,89000.0,0.0
2019-02-12 17:22:45,00318,Dadali Dress dusty pink S,120000.0,87000.0,0.0
2019-02-12 17:22:45,00319,Suren Jumbo black,130000.0,94000.0,0.0
2019-02-12 17:22:45,00320,Dadali mint L,149000.0,109000.0,0.0
2019-02-12 17:22:45,00321,Suren Jumbo navy,130000.0,94000.0,0.0
2019-02-12 17:22:45,00322,Suren Jumbo maroon,130000.0,94000.0,0.0
2019-02-12 17:22:45,00323,Suren Jumbo coksu,130000.0,94000.0,0.0
2019-02-12 17:22:45,00324,Suren Jumbo dusty pink,130000.0,94000.0,0.0
2019-02-12 17:22:45,00325,Classic Long Dress KK19 L,90000.0,60000.0,0.0
2019-02-12 17:22:45,00326,Classic Long Dress KK20 L,90000.0,60000.0,0.0
2019-02-12 17:22:45,00327,Classic Long Dress KK21 M,90000.0,60000.0,0.0
2019-02-12 17:22:45,00331,Classic Long Dress KK21 L,90000.0,60000.0,0.0
2019-02-12 17:22:45,00332,Classic Long Dress KK21 XL,90000.0,60000.0,0.0
2019-02-12 17:22:45,00333,Classic Long Dress KK22 M,90000.0,60000.0,0.0
2019-02-12 17:22:45,00334,Classic Long Dress KK22 L,90000.0,60000.0,0.0
2019-02-12 17:22:45,00335,Classic Long Dress KK22 XL,90000.0,60000.0,0.0
2019-02-12 17:22:45,00336,Classic Long Dress KK23 M,90000.0,60000.0,0.0
2019-02-12 17:22:45,00337,Classic Long Dress KK23 L,90000.0,60000.0,0.0
2019-02-12 17:22:45,00338,Classic Long Dress KK23 XL,90000.0,60000.0,0.0
2019-02-12 17:22:45,00339,Classic Long Dress KK24 M,90000.0,60000.0,0.0
2019-02-12 17:22:45,00340,Classic Long Dress KK24 L,90000.0,60000.0,0.0
2019-02-12 17:22:45,00341,Classic Long Dress KK24 XL,90000.0,60000.0,0.0
2019-02-12 17:22:45,00342,Classic Long Dress KK25 M,90000.0,60000.0,0.0
2019-02-12 17:22:45,00343,Classic Long Dress KK25 L,90000.0,60000.0,0.0
2019-02-12 17:22:45,00344,Classic Long Dress KK25 XL,90000.0,60000.0,0.0
2019-02-12 17:22:45,00345,Astrapia Dress purple M,259000.0,186000.0,0.0
2019-02-12 17:22:45,00346,Astrapia Dress purple JMB,259000.0,186000.0,0.0
2019-02-12 17:22:45,00347,Astrapia Dress green wood L,259000.0,186000.0,0.0
2019-02-12 17:22:45,00348,Astrapia Dress green wood M,259000.0,186000.0,0.0
2019-02-12 17:22:45,00349,Astrapia Dress teracota L,259000.0,186000.0,0.0
2019-02-12 17:22:45,00350,Astrapia Dress red chilli XL,259000.0,186000.0,0.0
2019-02-12 17:22:45,00351,Basic Dress Supernova hitos M,80000.0,50000.0,0.0
2019-02-12 17:22:45,00352,Basic Dress Supernova hitos L,80000.0,50000.0,0.0
2019-02-12 17:22:45,00353,Basic Dress Supernova hitos XL,80000.0,50000.0,0.0
2019-02-12 17:22:45,00354,Basic Dress Supernova coklat M,80000.0,50000.0,0.0
2019-02-12 17:22:45,00355,Basic Dress Supernova coklat L,80000.0,50000.0,0.0
2019-02-12 17:22:45,00356,Basic Dress Supernova coklat XL,80000.0,50000.0,0.0
2019-02-12 17:22:45,00357,Basic Dress Supernova ungtu M,80000.0,50000.0,0.0
2019-02-12 17:22:45,00358,Basic Dress Supernova ungtu L,80000.0,50000.0,0.0
2019-02-12 17:22:45,00359,Basic Dress Supernova ungtu XL,80000.0,50000.0,0.0
2019-02-12 17:22:45,00360,Basic Dress Supernova abu M,80000.0,50000.0,0.0
2019-02-12 17:22:45,00361,Basic Dress Supernova abu L,80000.0,50000.0,0.0
2019-02-12 17:22:45,00362,Basic Dress Supernova abu XL,80000.0,50000.0,0.0
2019-02-12 17:22:45,00363,Basic Dress Supernova coksu M,80000.0,50000.0,0.0
2019-02-12 17:22:45,00364,Basic Dress Supernova coksu L,80000.0,50000.0,0.0
2019-02-12 17:22:45,00365,Basic Dress Supernova coksu XL,80000.0,50000.0,0.0
2019-02-12 17:22:45,00366,Basic Dress Supernova ungu M,80000.0,50000.0,0.0
2019-02-12 17:22:45,00367,Basic Dress Supernova ungu L,80000.0,50000.0,0.0
2019-02-12 17:22:45,00368,Basic Dress Supernova ungu XL,80000.0,0.0,0.0
2019-02-12 17:22:45,00369,Fathiya Set gamis hitam M,185000.0,134000.0,0.0
2019-02-12 17:22:45,00370,Fathiya Set gamis hitam L,185000.0,134000.0,0.0
2019-02-12 17:22:45,00371,Fathiya Set gamis hitam XL,185000.0,0.0,0.0
2019-02-12 17:22:45,00372,Fathiya Set gamis lavender M,185000.0,134000.0,0.0
2019-02-12 17:22:45,00373,Fathiya Set gamis lavender L,185000.0,134000.0,0.0
2019-02-12 17:22:45,00374,Fathiya Set gamis lavender XL,185000.0,134000.0,0.0
2019-02-12 17:22:45,00375,Fathiya Set gamis pink M,185000.0,134000.0,0.0
2019-02-12 17:22:45,00376,Fathiya Set gamis pink L,185000.0,134000.0,0.0
2019-02-12 17:22:45,00377,Fathiya Set gamis pink XL,185000.0,134000.0,0.0
2019-02-12 17:22:45,00378,Arumi M hitam,55000.0,37000.0,0.0
2019-02-12 17:22:45,00379,Arumi M abu,55000.0,37000.0,0.0
2019-02-12 17:22:45,00380,Arumi M biru tua,55000.0,37000.0,0.0
2019-02-12 17:22:45,00381,Arumi M dongker,55000.0,37000.0,0.0
2019-02-12 17:22:45,00382,Arumi M hijau army,55000.0,37000.0,-1.0
2019-02-12 17:22:45,00383,Arumi M hijau tosca,55000.0,37000.0,0.0
2019-02-12 17:22:45,00384,Arumi M maroon,55000.0,37000.0,0.0
2019-02-12 17:22:45,00385,Arumi M pink muda,55000.0,37000.0,0.0
2019-02-12 17:22:45,00386,Arumi M putih,55000.0,37000.0,0.0
2019-02-12 17:22:45,00387,Arumi M ungu magenta,55000.0,37000.0,0.0
2019-02-12 17:22:45,00388,Mukena Rayon Premium MP182,140000.0,95000.0,0.0
2019-02-12 17:22:45,00389,Mukena Rayon Premium MP183,140000.0,95000.0,0.0
2019-02-12 17:22:45,00390,Mukena Rayon Premium MP184,140000.0,95000.0,0.0
2019-02-12 17:22:45,00391,Mukena Rayon Premium MP185,140000.0,95000.0,0.0
2019-02-12 17:22:45,00392,Mukena Rayon Premium MP186,140000.0,95000.0,0.0
2019-02-12 17:22:45,00393,Mukena Rayon Premium dusty pink,165000.0,115000.0,0.0
2019-02-12 17:22:45,00394,Mukena Rayon Premium dusty purple,165000.0,115000.0,0.0
2019-02-12 17:22:45,00395,Mukena Rayon Premium maroon,165000.0,115000.0,0.0
2019-02-12 17:22:45,00396,Mukena Rayon Premium hijau botol,165000.0,115000.0,0.0
2019-02-12 17:22:45,00397,Mukena Rayon Premium coklat tutung,165000.0,115000.0,0.0
2019-02-12 17:22:45,00398,Mukena Zoe Super Jumbo ZS01,190000.0,135000.0,0.0
2019-02-12 17:22:45,00399,Mukena Zoe Super Jumbo ZS02,190000.0,135000.0,0.0
2019-02-12 17:22:45,00400,Mukena Zoe Super Jumbo ZS03,190000.0,135000.0,0.0
2019-02-12 17:22:45,00401,Mukena Zoe Super Jumbo ZS04,190000.0,135000.0,0.0
2019-02-12 17:22:45,00402,Mukena Zoe Super Jumbo ZS05,190000.0,135000.0,0.0
2019-02-12 17:22:45,00403,Mukena Zoe Super Jumbo ZS06,190000.0,135000.0,0.0
2019-02-12 17:22:45,00404,Mukena Zoe Super Jumbo ZS07,190000.0,135000.0,0.0
2019-02-12 17:22:45,00405,Mukena Zoe Super Jumbo ZS08,190000.0,135000.0,0.0
2019-02-12 17:22:45,00406,Mukena Zoe Super Jumbo ZS09,190000.0,135000.0,0.0
2019-02-12 17:22:45,00407,Mukena Zoe Super Jumbo ZS10,190000.0,135000.0,0.0
2019-02-12 17:22:45,00408,Syahida L abu,95000.0,62750.0,2.0
2019-02-12 17:22:45,00409,Syahida L abu tua,93000.0,61450.0,0.0
2019-02-12 17:22:45,00410,Syahida L coklat tanah,93000.0,61450.0,0.0
2019-02-12 17:22:45,00411,Syahida L coklat tua,93000.0,61450.0,0.0
2019-02-12 17:22:45,00412,Syahida L dongker,93000.0,61450.0,0.0
2019-02-12 17:22:45,00413,Syahida L dusty pink,93000.0,61450.0,0.0
2019-02-12 17:22:45,00414,Syahida L hijau army,93000.0,61450.0,0.0
2019-02-12 17:22:45,00415,Syahida L maroon,93000.0,61450.0,0.0
2019-02-12 17:22:45,00416,Syahida L ungu tua,93000.0,61450.0,0.0
2019-02-12 17:22:45,00417,Balo Umbrella broken white XL,130000.0,95000.0,0.0
2019-02-12 17:22:45,00418,Balotelli Dress Umbrella Jumbo,150000.0,115000.0,0.0
2019-02-12 17:22:45,00419,Zaskia Home Dress ungu S,97000.0,67000.0,0.0
2019-02-12 17:22:45,00420,Zaskia Home Dress ungu M,97000.0,67000.0,0.0
2019-02-12 17:22:45,00421,Zaskia Home Dress hitam S,97000.0,67000.0,0.0
2019-02-12 17:22:45,00422,Zaskia Home Dress hitam M,97000.0,67000.0,0.0
2019-02-12 17:22:45,00423,Zaskia Home Dress biru M,97000.0,67000.0,0.0
2019-02-12 17:22:45,00424,Zaskia Home Dress coksu S,97000.0,67000.0,1.0
2019-02-12 17:22:45,00425,Zaskia Home Dress coksu M,97000.0,67000.0,0.0
2019-02-12 17:22:45,00426,Zaskia Home Dress pink S,97000.0,67000.0,1.0
2019-02-12 17:22:45,00427,Zaskia Home Dress pink M,97000.0,67000.0,0.0
2019-02-12 17:22:45,00428,Khimar Brinji red chili M,149000.0,105800.0,0.0
2019-02-12 17:22:45,00429,Khimar Brinji light coral M,149000.0,105800.0,0.0
2019-02-12 17:22:45,00430,Khimar Brinji matcha M,149000.0,106000.0,0.0
2019-02-12 17:22:45,00431,Khimar Brinji coffee latte L,149000.0,105800.0,0.0
2019-02-12 17:22:45,00432,Khimar Brinji dusty purple L,149000.0,105800.0,0.0
2019-02-12 17:22:45,00433,Khimar Brinji ocean blue L,149000.0,105800.0,0.0
2019-02-12 17:22:45,00434,Khimar Brinji milo L,158000.0,121000.0,0.0
2019-02-12 17:22:45,00435,Khimar Brinji dusty blue L,149000.0,105800.0,0.0
2019-02-12 17:22:45,00436,Alifa130 dupink,59500.0,38000.0,0.0
2019-02-12 17:22:45,00437,Alifa130 dongker,59500.0,38300.0,3.0
2019-02-12 17:22:45,00438,Alifa 130 abu,57000.0,38050.0,0.0
2019-02-12 17:22:45,00439,Alifa 130 putih,57000.0,38050.0,0.0
2019-02-12 17:22:45,00440,Alifa 130 hijau tosca,57000.0,38050.0,0.0
2019-02-12 17:22:45,00441,Alifa 130 biru pastel,57000.0,38300.0,1.0
2019-02-12 17:22:45,00442,Alifa 130 hijau,57000.0,38050.0,0.0
2019-02-12 17:22:45,00443,Alifa 130 pink muda,57000.0,38050.0,0.0
2019-02-12 17:22:45,00444,Alifa 130 ungu redup,57000.0,38050.0,0.0
2019-02-12 17:22:45,00445,Alifa 150 putih,65000.0,43250.0,0.0
2019-02-12 17:22:45,00446,Alifa 130 biru muda,57000.0,38300.0,0.0
2019-02-12 17:22:45,00447,Namira abu,100000.0,66500.0,0.0
2019-02-12 17:22:45,00448,Namira biru pastel,98000.0,65000.0,0.0
2019-02-12 17:22:45,00449,Namira dusty pink,98000.0,65000.0,0.0
2019-02-12 17:22:45,00450,Namira dusty pink tua,98000.0,65000.0,-1.0
2019-02-12 17:22:45,00451,Namira hijau pastel,98000.0,65000.0,0.0
2019-02-12 17:22:45,00452,Namira hitam,100000.0,66500.0,0.0
2019-02-12 17:22:45,00453,Namira krem,98000.0,65000.0,0.0
2019-02-12 17:22:45,00454,Namira maroon,98000.0,65000.0,0.0
2019-02-12 17:22:45,00455,Namira salem tua,98000.0,65000.0,-1.0
2019-02-12 17:22:45,00456,Mukena Rayon Premium MP187,140000.0,95000.0,0.0
2019-02-12 17:22:45,00457,Mukena Rayon Premium MP188,140000.0,95000.0,0.0
2019-02-12 17:22:45,00458,Mukena Rayon Premium MP189,140000.0,95000.0,0.0
2019-02-12 17:22:45,00459,Mukena Rayon Premium MP190,140000.0,95000.0,0.0
2019-02-12 17:22:45,00460,Mukena Rayon Premium MP191,140000.0,95000.0,0.0
2019-02-12 17:22:45,00461,Mukena Zoe Super Jumbo ZS11,190000.0,135000.0,0.0
2019-02-12 17:22:45,00462,Mukena Zoe Super Jumbo ZS12,190000.0,135000.0,0.0
2019-02-12 17:22:45,00463,Mukena Zoe Super Jumbo ZS13,190000.0,135000.0,0.0
2019-02-12 17:22:45,00464,Mukena Zoe Super Jumbo ZS14,190000.0,135000.0,0.0
2019-02-12 17:22:45,00465,Mukena Zoe Super Jumbo ZS15,190000.0,135000.0,0.0
2019-02-12 17:22:45,00466,Camar Amun black xs,172000.0,123000.0,0.0
2019-02-12 17:22:45,00467,Camar Admunzen black m,172000.0,122000.0,0.0
2019-02-12 17:22:45,00468,Camar Amun black S,172000.0,122000.0,0.0
2019-02-12 17:22:45,00469,Camar Amun tosca S,172000.0,122000.0,0.0
2019-02-12 17:22:45,00470,Camar Amun darkgrey S,172000.0,123000.0,0.0
2019-02-12 17:22:45,00471,Camar Amun dustypink XS,172000.0,122000.0,0.0
2019-02-12 17:22:45,00472,Camar Admunzen dustypink L,172000.0,122000.0,0.0
2019-02-12 17:22:45,00473,Camar Admunzen dustypink M,172000.0,122000.0,0.0
2019-02-12 17:22:45,00474,Camar Admunzen coksu M,172000.0,122000.0,0.0
2019-02-12 17:22:45,00475,Camar Admunzen coksu L,172000.0,122000.0,0.0
2019-02-12 17:22:45,00476,Camar Admunzen coksu XL,172000.0,122000.0,0.0
2019-02-12 17:22:45,00477,Camar Admunzen coksu S,172000.0,122000.0,0.0
2019-02-12 17:22:45,00478,Camar Amun maroon S,172000.0,0.0,-1.0
2019-02-12 17:22:45,00479,Camar Admunzen avocado XS,172000.0,122000.0,0.0
2019-02-12 17:22:45,00480,Camar Amun coffee S,172000.0,122000.0,0.0
2019-02-12 17:22:45,00481,Camar Amun coffee L,172000.0,122000.0,0.0
2019-02-12 17:22:45,00482,Camar Admunzen salem L,172000.0,122000.0,0.0
2019-02-12 17:22:45,00483,Camar Admunzen avocado L,172000.0,122000.0,0.0
2019-02-12 17:22:45,00484,Camar Admunzen avocado XL,172000.0,122000.0,0.0
2019-02-12 17:22:45,00485,Camar Admunzen coksu JMB,172000.0,122000.0,0.0
2019-02-12 17:22:45,00486,CLD CK365 merah M,90000.0,59000.0,0.0
2019-02-12 17:22:45,00487,CLD CK365 merah L,90000.0,59000.0,0.0
2019-02-12 17:22:45,00488,CLD CK365 merah XL,90000.0,59000.0,0.0
2019-02-12 17:22:45,00489,CLD CK365 tosca M,90000.0,59000.0,0.0
2019-02-12 17:22:45,00490,CLD CK365 tosca L,90000.0,59000.0,0.0
2019-02-12 17:22:45,00491,CLD CK365 tosca XL,90000.0,59000.0,0.0
2019-02-12 17:22:45,00492,CLD CK365 ungu M,90000.0,59000.0,0.0
2019-02-12 17:22:45,00493,CLD CK365 ungu L,90000.0,59000.0,0.0
2019-02-12 17:22:45,00494,CLD CK365 ungu XL,90000.0,59000.0,0.0
2019-02-12 17:22:45,00495,CLD CK365 orange M,90000.0,59000.0,0.0
2019-02-12 17:22:45,00496,CLD CK365 orange L,90000.0,59000.0,0.0
2019-02-12 17:22:45,00497,CLD CK365 orange XL,90000.0,59000.0,0.0
2019-02-12 17:22:45,00498,Kalila abu,130000.0,86000.0,0.0
2019-02-12 17:22:45,00499,Kalila coksu,130000.0,86000.0,0.0
2019-02-12 17:22:45,00500,Kalila dongker,130000.0,85700.0,4.0
2019-02-12 17:22:45,00501,Kalila hijau,130000.0,86000.0,0.0
2019-02-12 17:22:45,00502,Kalila hitam,130000.0,85700.0,3.0
2019-02-12 17:22:45,00503,Kalila khaki,130000.0,86000.0,0.0
2019-02-12 17:22:45,00504,Kalila kuning kunyit,130000.0,86000.0,0.0
2019-02-12 17:22:45,00505,Kalila maroon,130000.0,85700.0,5.0
2019-02-12 17:22:45,00506,Alifa motif 2,70000.0,48000.0,0.0
2019-02-12 17:22:45,00507,Alifa motif 3,70000.0,48000.0,0.0
2019-02-12 17:22:45,00508,Alifa motif 4,70000.0,48000.0,0.0
2019-02-12 17:22:45,00509,Alifa motif 5,70000.0,48000.0,0.0
2019-02-12 17:22:45,00510,Alifa motif 6,70000.0,46750.0,0.0
2019-02-12 17:22:45,00511,Alifa motif 7,70000.0,48000.0,0.0
2019-02-12 17:22:45,00512,Alifa motif 8,70000.0,46750.0,0.0
2019-02-12 17:22:45,00513,Nabila 130 hitam,57000.0,38500.0,0.0
2019-02-12 17:22:45,00514,Nabila 130 coksu,57000.0,38500.0,1.0
2019-02-12 17:22:45,00515,Nabila Rawis 130 pink,55000.0,36750.0,-2.0
2019-02-12 17:22:45,00516,Nabila Rawis 150 abu,57000.0,38050.0,0.0
2019-02-12 17:22:45,00517,Nabila Rawis 150 birtos,57000.0,38050.0,2.0
2019-02-12 17:22:45,00518,Nabila Rawis 150 dark purple,57000.0,38050.0,0.0
2019-02-12 17:22:45,00519,Nabila 150 dupink,59000.0,39700.0,1.0
2019-02-12 17:22:45,00520,Nabila Rawis 150 purple,57000.0,38050.0,1.0
2019-02-12 17:22:45,00521,Khimar Brinji lavender M,149000.0,106000.0,0.0
2019-02-12 17:22:45,00522,Khimar Brinji maroon M,149000.0,106000.0,0.0
2019-02-12 17:22:45,00523,Khimar Brinji milo M,149000.0,106000.0,0.0
2019-02-12 17:22:45,00524,Khimar Brinji birel M,149000.0,106000.0,0.0
2019-02-12 17:22:45,00525,Khimar Brinji grey M,149000.0,106000.0,0.0
2019-02-12 17:22:45,00526,Khimar Brinji salem M,158000.0,121000.0,0.0
2019-02-12 17:22:45,00527,Khimar Brinji bby pink M,149000.0,106000.0,0.0
2019-02-12 17:22:45,00528,Khimar Brinji manggo M,149000.0,106000.0,1.0
2019-02-12 17:22:45,00529,Khimar Brinji dark grey M,149000.0,106000.0,0.0
2019-02-12 17:22:45,00530,Khimar Brinji black M,149000.0,106000.0,0.0
2019-02-12 17:22:45,00531,Khimar Brinji bby blue M,149000.0,106000.0,1.0
2019-02-12 17:22:45,00532,Mukena Alana maroon,185000.0,142000.0,0.0
2019-02-12 17:22:45,00533,Mukena Alana olive,185000.0,142000.0,0.0
2019-02-12 17:22:45,00534,Mukena Alana navy,185000.0,142000.0,0.0
2019-02-12 17:22:45,00535,Mukena Alana mocca,185000.0,142000.0,0.0
2019-02-12 17:22:45,00536,Mukena Alana d.pink,185000.0,142000.0,0.0
2019-02-12 17:22:45,00537,Mukena Cassandra sage,177000.0,134000.0,0.0
2019-02-12 17:22:45,00538,Mukena Cassandra lavender,177000.0,134000.0,0.0
2019-02-12 17:22:45,00539,Mukena Ivana d.pink,175000.0,132000.0,0.0
2019-02-12 17:22:45,00540,Mukena Ivana coklat,175000.0,132000.0,0.0
2019-02-12 17:22:45,00541,Mukena Ivana biru,175000.0,132000.0,0.0
2019-02-12 17:22:45,00542,Mukena Ivana ungu,175000.0,132000.0,0.0
2019-02-12 17:22:45,00543,Mukena Ivana hijau,175000.0,132000.0,0.0
2019-02-12 17:22:45,00544,Mukena Alana putih,180000.0,140000.0,0.0
2019-02-12 17:22:45,00545,[HL] Dadali black L,120000.0,89000.0,0.0
2019-02-12 17:22:45,00546,Dadali navy L,149000.0,109000.0,0.0
2019-02-12 17:22:45,00547,[HL] Dadali navy XL,120000.0,89000.0,0.0
2019-02-12 17:22:45,00548,Dadali navy JMB,120000.0,89000.0,0.0
2019-02-12 17:22:45,00549,Dadali caramel M,149000.0,109000.0,0.0
2019-02-12 17:22:45,00550,Dadali caramel XL,120000.0,89000.0,0.0
2019-02-12 17:22:45,00551,Dadali milo M,120000.0,89000.0,0.0
2019-02-12 17:22:45,00552,Dadali milo L,120000.0,89000.0,0.0
2019-02-12 17:22:45,00553,[HL] Dadali milo JMB,120000.0,89000.0,0.0
2019-02-12 17:22:45,00554,[HL] Dadali caramel S,120000.0,89000.0,0.0
2019-02-12 17:22:45,00555,Dadali caramel L,149000.0,109000.0,0.0
2019-02-12 17:22:45,00556,Gamis Wolfis kotak,160000.0,115000.0,0.0
2019-02-12 17:22:45,00557,Gamis Wolfis merak,160000.0,115000.0,0.0
2019-02-12 17:22:45,00558,Gamis Wolfis lily,160000.0,115000.0,0.0
2019-02-12 17:22:45,00559,Gamis Wolfis daisy,160000.0,115000.0,-1.0
2019-02-12 17:22:45,00560,Dadali navy XL,149000.0,109000.0,0.0
2019-02-12 17:22:45,00561,Dadali baby pink S,149000.0,109000.0,1.0
2019-02-12 17:22:45,00562,Dadali magenta M,149000.0,109000.0,-1.0
2019-02-12 17:22:45,00563,Dadali baby pink M,149000.0,109000.0,0.0
2019-02-12 17:22:45,00564,Meiza abu,94000.0,62500.0,0.0
2019-02-12 17:22:45,00565,Meiza cokbat,92000.0,61300.0,0.0
2019-02-12 17:22:45,00566,Meiza dongker,94000.0,62500.0,0.0
2019-02-12 17:22:45,00567,Meiza dupink,94000.0,62500.0,0.0
2019-02-12 17:22:45,00568,Meiza hijau army,92000.0,61300.0,0.0
2019-02-12 17:22:45,00569,Meiza hijau tosca tua,92000.0,61300.0,0.0
2019-02-12 17:22:45,00570,Meiza hitam,94000.0,62500.0,0.0
2019-02-12 17:22:45,00571,Meiza maroon,94000.0,62500.0,0.0
2019-02-12 17:22:45,00572,Meiza putih,92000.0,61300.0,0.0
2019-02-12 17:22:45,00573,Meiza ungu tua,92000.0,61300.0,0.0
2019-02-12 17:22:45,00574,Mukena Alana black,185000.0,0.0,0.0
2019-02-12 17:22:45,00576,Balo Umbrella broken white M,130000.0,95000.0,0.0
2019-02-12 17:22:45,00577,Balo Umbrella maroon L,130000.0,90000.0,0.0
2019-02-12 17:22:45,00578,Balo Umbrella maroon XL,130000.0,95000.0,0.0
2019-02-12 17:22:45,00579,Balo Umbrella peach S,130000.0,95000.0,0.0
2019-02-12 17:22:45,00580,Balo Umbrella peach L,130000.0,95000.0,0.0
2019-02-12 17:22:45,00581,Balo Umbrella gold M,130000.0,95000.0,0.0
2019-02-12 17:22:45,00582,Balo Umbrella gold L,130000.0,95000.0,0.0
2019-02-12 17:22:45,00583,Balo Umbrella birel S,130000.0,95000.0,0.0
2019-02-12 17:22:45,00584,Bergo Junai ocean blue XL,79000.0,56800.0,0.0
2019-02-12 17:22:45,00585,Bergo Junai forest green XL,79000.0,56800.0,1.0
2019-02-12 17:22:45,00586,Bergo Junai black XL,79000.0,56800.0,1.0
2019-02-12 17:22:45,00587,Bergo Junai milo XL,79000.0,56800.0,0.0
2019-02-12 17:22:45,00588,Bergo Junai magenta XL,79000.0,56800.0,0.0
2019-02-12 17:22:45,00589,Bergo Junai lavender XL,79000.0,56800.0,0.0
2019-02-12 17:22:45,00590,Bergo Junai coffee XL,79000.0,56800.0,0.0
2019-02-12 17:22:45,00591,Bergo Junai coksu XL,79000.0,56800.0,0.0
2019-02-12 17:22:45,00592,Bergo Junai teracota XL,79000.0,56800.0,0.0
2019-02-12 17:22:45,00593,Bergo Junai light coral XL,79000.0,56800.0,0.0
2019-02-12 17:22:45,00594,Bergo Junai aquamarine XL,79000.0,56800.0,1.0
2019-02-12 17:22:45,00595,Bergo Junai navy XL,79000.0,56800.0,0.0
2019-02-12 17:22:45,00596,Bergo Junai beige XL,79000.0,56800.0,0.0
2019-02-12 17:22:45,00597,Bergo Junai dark grey L,69000.0,52750.0,0.0
2019-02-12 17:22:45,00598,Balo Umbrella maroon M,130000.0,95000.0,0.0
2019-02-12 17:22:45,00599,Camar Amun aquamrn XS,172000.0,123000.0,0.0
2019-02-12 17:22:45,00600,Camar Amun lightblue M,172000.0,123000.0,0.0
2019-02-12 17:22:45,00601,Camar Amun lightblue Xs,187000.0,123000.0,0.0
2019-02-12 17:22:45,00602,Camar Amun darkgrey L,172000.0,123000.0,0.0
2019-02-12 17:22:45,00603,Dadali dove XS,149000.0,109000.0,0.0
2019-02-12 17:22:45,00604,Dadali dove M,149000.0,109000.0,1.0
2019-02-12 17:22:45,00605,Dadali redchilli XS,149000.0,109000.0,1.0
2019-02-12 17:22:45,00606,Dadali navy XS,149000.0,109000.0,0.0
2019-02-12 17:22:45,00607,Dadali dusty purple JMB,149000.0,109000.0,0.0
2019-02-12 17:22:45,00608,Dadali dusty purple S,149000.0,109000.0,0.0
2019-02-12 17:22:45,00609,Dadali lavender M,149000.0,109000.0,0.0
2019-02-12 17:22:45,00610,Dadali lavender L,149000.0,109000.0,0.0
2019-02-12 17:22:45,00611,Balo Umbrella hipus M,130000.0,95000.0,0.0
2019-02-12 17:22:45,00612,Balo Umbrella gold XL,130000.0,95000.0,0.0
2019-02-12 17:22:45,00613,Balo Umbrella peach M,130000.0,95000.0,0.0
2019-02-12 17:22:45,00614,Alifa 130 coksu muda,57000.0,38300.0,0.0
2019-02-12 17:22:45,00615,Alifa130 hipas,59500.0,38300.0,2.0
2019-02-12 17:22:45,00616,Alifa 130 hijau pupus,57000.0,38300.0,0.0
2019-02-12 17:22:45,00617,Alifa 130 milo,57000.0,38300.0,0.0
2019-02-12 17:22:45,00618,Alifa 130 salem muda,57000.0,38300.0,0.0
2019-02-12 17:22:45,00619,Alifa 130 ungu muda,57000.0,38300.0,0.0
2019-02-12 17:22:45,00620,Basic Dress Supernova pink S,80000.0,50000.0,0.0
2019-02-12 17:22:45,00621,Balo Umbrella hipus S,130000.0,95000.0,0.0
2019-02-12 17:22:45,00622,Basic Dress Supernova pink M,80000.0,50000.0,0.0
2019-02-12 17:22:45,00623,Balo Umbrella navy XL,130000.0,90000.0,0.0
2019-02-12 17:22:45,00624,Basic Dress Supernova pink L,80000.0,50000.0,-1.0
2019-02-12 17:22:45,00625,Basic Dress Supernova pink XL,80000.0,50000.0,0.0
2019-02-12 17:22:45,00626,Basic Dress Supernova dusty pink S,80000.0,50000.0,0.0
2019-02-12 17:22:45,00627,Basic Dress Supernova dusty pink M,80000.0,50000.0,0.0
2019-02-12 17:22:45,00628,Basic Dress Supernova dusty pink L,80000.0,50000.0,-1.0
2019-02-12 17:22:45,00629,Basic Dress Supernova dusty pink XL,80000.0,50000.0,0.0
2019-02-12 17:22:45,00630,Basic Dress Supernova dongker S,80000.0,50000.0,0.0
2019-02-12 17:22:45,00631,Basic Dress Supernova dongker M,80000.0,50000.0,0.0
2019-02-12 17:22:45,00632,Basic Dress Supernova dongker L,80000.0,50000.0,0.0
2019-02-12 17:22:45,00633,Basic Dress Supernova dongker XL,80000.0,50000.0,0.0
2019-02-12 17:22:45,00634,Basic Dress Supernova biru S,80000.0,50000.0,0.0
2019-02-12 17:22:45,00635,Basic Dress Supernova biru M,80000.0,50000.0,0.0
2019-02-12 17:22:45,00636,Basic Dress Supernova biru L,80000.0,50000.0,0.0
2019-02-12 17:22:45,00637,Basic Dress Supernova biru XL,80000.0,50000.0,0.0
2019-02-12 17:22:45,00638,Khanza hitam,120000.0,79500.0,0.0
2019-02-12 17:22:45,00639,Khanza maroon,120000.0,79500.0,0.0
2019-02-12 17:22:45,00640,Khanza kuning kunyit,120000.0,79500.0,0.0
2019-02-12 17:22:45,00641,Khanza hijau pupus,120000.0,79500.0,1.0
2019-02-12 17:22:45,00642,Khanza dusty pink,120000.0,79500.0,1.0
2019-02-12 17:22:45,00643,Khanza hijau segar,120000.0,79500.0,0.0
2019-02-12 17:22:45,00644,Khanza dongker,120000.0,79500.0,1.0
2019-02-12 17:22:45,00645,Khanza biru pastel,120000.0,79500.0,0.0
2019-02-12 17:22:45,00646,Khanza milo,120000.0,79500.0,0.0
2019-02-12 17:22:45,00647,Khanza turqis,120000.0,79500.0,0.0
2019-02-12 17:22:45,00648,Maharani krem,75000.0,53500.0,0.0
2019-02-12 17:22:45,00649,Maharani hitam,75000.0,53000.0,3.0
2019-02-12 17:22:45,00650,Maharani birtos,75000.0,53500.0,0.0
2019-02-12 17:22:45,00651,Maharani fanta,75000.0,53500.0,0.0
2019-02-12 17:22:45,00652,Dara Black S,239000.0,170500.0,1.0
2019-02-12 17:22:45,00653,Dara milo M,239000.0,170500.0,0.0
2019-02-12 17:22:45,00654,Dara dove L,239000.0,170500.0,1.0
2019-02-12 17:22:45,00655,Dara milo S,239000.0,170500.0,1.0
2019-02-12 17:22:45,00656,Dara denim S,239000.0,170500.0,0.0
2019-02-12 17:22:45,00657,Dara black L,239000.0,170500.0,1.0
2019-02-12 17:22:45,00658,Pastanja babyblue M,110000.0,69300.0,1.0
2019-02-12 17:22:45,00659,Ayana abutua,118000.0,78500.0,1.0
2019-02-12 17:22:45,00660,Ayana cokpns,118000.0,78500.0,0.0
2019-02-12 17:22:45,00661,Ayana dongker,118000.0,78500.0,0.0
2019-02-12 17:22:45,00662,Ayana hitam,118000.0,78500.0,0.0
2019-02-12 17:22:45,00663,Ayana dupinktu,118000.0,78000.0,0.0
2019-02-12 17:22:45,00664,Ayana hijau pastel,118000.0,78500.0,0.0
2019-02-12 17:22:45,00665,Ayana hijau pupus,118000.0,78500.0,0.0
2019-02-12 17:22:45,00666,Ayana maroon,118000.0,78500.0,0.0
2019-02-12 17:22:45,00667,Ayana milo,118000.0,78500.0,0.0
2019-02-12 17:22:45,00668,Ayana ungu redup,118000.0,78500.0,0.0
2019-02-12 17:22:45,00669,Balo Umbrella mocca L,130000.0,90000.0,0.0
2019-02-12 17:22:45,00670,Mirania Yanisse navy,37000.0,26400.0,0.0
2019-02-12 17:22:45,00671,Mirania Yanisse black,37000.0,0.0,0.0
2019-02-12 17:22:45,00672,Mirania Yanisse salmon,37000.0,26400.0,0.0
2019-02-12 17:22:45,00673,Mirania Yanisse pink,37000.0,26400.0,0.0
2019-02-12 17:22:45,00674,Mirania Yanisse darkpurple,37000.0,26400.0,0.0
2019-02-12 17:22:45,00675,Mirania Yanisse darkbluegreen,37000.0,26400.0,0.0
2019-02-12 17:22:45,00676,Mirania Yanisse maroon,37000.0,26400.0,0.0
2019-02-12 17:22:45,00677,Mirania Yanisse ginger,37000.0,26400.0,0.0
2019-02-12 17:22:45,00678,Mirania Yanisse sand,37000.0,26900.0,0.0
2019-02-12 17:22:45,00679,Mirania Lena maroon,35000.0,24900.0,0.0
2019-02-12 17:22:45,00680,Mirania Lena pink,35000.0,24900.0,0.0
2019-02-12 17:22:45,00681,Mirania Lena darkpurple,35000.0,24900.0,0.0
2019-02-12 17:22:45,00682,Mirania Lena salmon,35000.0,24900.0,2.0
2019-02-12 17:22:45,00683,Mirania Lena slate grey,35000.0,24900.0,0.0
2019-02-12 17:22:45,00684,Mirania Lena red brick,35000.0,24900.0,2.0
2019-02-12 17:22:45,00685,Mirania Lena honeydew,35000.0,24900.0,0.0
2019-02-12 17:22:45,00686,Mirania Lena brown,35000.0,24900.0,0.0
2019-02-12 17:22:45,00687,Mirania Lena rosybrown,35000.0,24900.0,0.0
2019-02-12 17:22:45,00688,Mirania Lena mauve,35000.0,24900.0,2.0
2019-02-12 17:22:45,00689,Mirania Lena navy,35000.0,24900.0,0.0
2019-02-12 17:22:45,00690,Belaya black,35000.0,25000.0,0.0
2019-02-12 17:22:45,00691,Mirania Lena brokenwhite,35000.0,24900.0,0.0
2019-02-12 17:22:45,00692,Mirania Belaya salmon,35000.0,24900.0,0.0
2019-02-12 17:22:45,00693,Mirania Belaya maroon,35000.0,24900.0,0.0
2019-02-12 17:22:45,00694,Belaya honeydew,35000.0,24900.0,1.0
2019-02-12 17:22:45,00695,Belaya ginger,35000.0,25000.0,1.0
2019-02-12 17:22:45,00696,Belaya redviolet,35000.0,24900.0,1.0
2019-02-12 17:22:45,00697,Balo Umbrella navy S,130000.0,90000.0,0.0
2019-02-12 17:22:45,00698,Balo Umbrella navy M,130000.0,95000.0,0.0
2019-02-12 17:22:45,00699,Balo Umbrella navy L,130000.0,95000.0,0.0
2019-02-12 17:22:45,00701,Balo Umbrella maroon S,130000.0,90000.0,0.0
2019-02-12 17:22:45,00702,Balo Umbrella hitam S,130000.0,90000.0,1.0
2019-02-12 17:22:45,00703,Balo Umbrella hitam L,130000.0,90000.0,0.0
2019-02-12 17:22:45,00704,Balo Umbrella hitam XL,130000.0,90000.0,0.0
2019-02-12 17:22:45,00705,Balo Umbrella army M,130000.0,90000.0,0.0
2019-02-12 17:22:45,00706,Balo Umbrella army L,130000.0,90000.0,0.0
2019-02-12 17:22:45,00707,Balo Umbrella army XL,130000.0,90000.0,0.0
2019-02-12 17:22:45,00708,Balo Umbrella gold/mustard M,130000.0,90000.0,0.0
2019-02-12 17:22:45,00709,Balo Umbrella gold/mustard L,130000.0,90000.0,0.0
2019-02-12 17:22:45,00710,Balo Umbrella lavender M,130000.0,90000.0,-1.0
2019-02-12 17:22:45,00711,Balo Umbrella lavender L,130000.0,90000.0,0.0
2019-02-12 17:22:45,00712,Balo Umbrella rose L,130000.0,90000.0,0.0
2019-02-12 17:22:45,00713,Balo Umbrella rose XL,130000.0,90000.0,0.0
2019-02-12 17:22:45,00714,Zakya hitam,105000.0,69550.0,0.0
2019-02-12 17:22:45,00715,Zakya coktu,105000.0,69550.0,0.0
2019-02-12 17:22:45,00716,Zakya kuning kunyit,105000.0,69550.0,1.0
2019-02-12 17:22:45,00717,Zakya biru muda,105000.0,69550.0,0.0
2019-02-12 17:22:45,00718,Zakya dupink,105000.0,69550.0,-1.0
2019-02-12 17:22:45,00719,Zakya pinktu,105000.0,69550.0,1.0
2019-02-12 17:22:45,00720,Zakya dongker,105000.0,69550.0,0.0
2019-02-12 17:22:45,00721,Zakya caramel,105000.0,69550.0,0.0
2019-02-12 17:22:45,00722,Zakya avocado,105000.0,69550.0,0.0
2019-02-12 17:22:45,00723,Zakya milo,105000.0,69550.0,1.0
2019-02-12 17:22:45,00724,Missipi red,48000.0,34000.0,3.0
2019-02-12 17:22:45,00725,Missipi black,48000.0,34000.0,7.0
2019-02-12 17:22:45,00726,Missipi maroon,48000.0,34000.0,4.0
2019-02-12 17:22:45,00727,Missipi royalblue,48000.0,34000.0,1.0
2019-02-12 17:22:45,00728,Missipi honeydew,48000.0,34000.0,2.0
2019-02-12 17:22:45,00729,Missipi ginger,48000.0,34000.0,3.0
2019-02-12 17:22:45,00730,Missipi sand,48000.0,34000.0,0.0
2019-02-12 17:22:45,00731,Missipi choco,48000.0,34000.0,0.0
2019-02-12 17:22:45,00732,Missipi rose,48000.0,34000.0,4.0
2019-02-12 17:22:45,00733,Missipi buttermilk,48000.0,34000.0,0.0
2019-02-12 17:22:45,00734,Missipi rosewood,48000.0,34000.0,0.0
2019-02-12 17:22:45,00735,Missipi darkgrey,48000.0,34000.0,0.0
2019-02-12 17:22:45,00736,Missipi mauve,48000.0,34000.0,2.0
2019-02-12 17:22:45,00737,Missipi coral,48000.0,34000.0,3.0
2019-02-12 17:22:45,00738,Alpine peach xl,279000.0,214250.0,0.0
2019-02-12 17:22:45,00739,Kalina cokbat,87000.0,57550.0,0.0
2019-02-12 17:22:45,00740,Kalina krem,87000.0,57550.0,0.0
2019-02-12 17:22:45,00742,Kalina hipas,87000.0,57550.0,0.0
2019-02-12 17:22:45,00743,Kalina pinkbat,87000.0,57550.0,0.0
2019-02-12 17:22:45,00744,Kalina taro,87000.0,0.0,0.0
2019-02-12 17:22:45,00745,Amartani hitol,52000.0,37750.0,0.0
2019-02-12 17:22:45,00746,Amartani hipus,52000.0,37750.0,0.0
2019-02-12 17:22:45,00747,Amartani hitam,52000.0,37750.0,0.0
2019-02-12 17:22:45,00748,Amartani krem,52000.0,37750.0,0.0
2019-02-12 17:22:45,00749,Amartani magenta,52000.0,37750.0,0.0
2019-02-12 17:22:45,00750,Amartani merahat,52000.0,37750.0,0.0
2019-02-12 17:22:45,00751,Amartani mint,52000.0,37750.0,1.0
2019-02-12 17:22:45,00752,Amartani salem,52000.0,37750.0,0.0
2019-02-12 17:22:45,00753,Amartani putih,52000.0,37750.0,0.0
2019-02-12 17:22:45,00754,Amartani bbpink,52000.0,37750.0,0.0
2019-02-12 17:22:45,00755,Amartani motif 1,60000.0,43400.0,0.0
2019-02-12 17:22:45,00756,Amartani motif 2,60000.0,43400.0,0.0
2019-02-12 17:22:45,00757,Amartani motif 3,60000.0,43400.0,0.0
2019-02-12 17:22:45,00758,Amartani motif 4,60000.0,43400.0,0.0
2019-02-12 17:22:45,00759,Amartani motif 5,60000.0,43400.0,1.0
2019-02-12 17:22:45,00760,Alpine dupink M,279000.0,214250.0,0.0
2019-02-12 17:22:45,00761,Alpine milo M,279000.0,214250.0,0.0
2019-02-12 17:22:45,00762,Junai Navy M,59000.0,45100.0,0.0
2019-02-12 17:22:45,00763,Junai terracota M,59000.0,45100.0,0.0
2019-02-12 17:22:45,00764,Junai magenta M,59000.0,45100.0,0.0
2019-02-12 17:22:45,00765,Junai forest green M,59000.0,45100.0,0.0
2019-02-12 17:22:45,00766,Junai grey M,59000.0,45100.0,0.0
2019-02-12 17:22:45,00767,Jingjing white M,59000.0,45100.0,0.0
2019-02-12 17:22:45,00768,Junai beige M,59000.0,45100.0,0.0
2019-02-12 17:22:45,00769,Balo Umbrella merah bata L,130000.0,92000.0,0.0
2019-02-12 17:22:45,00770,Balo Umbrella birel L,130000.0,92000.0,0.0
2019-02-12 17:22:45,00771,Balo Umbrella hipus L,130000.0,92000.0,0.0
2019-02-12 17:22:45,00772,Balo Umbrella hipus XL,130000.0,92000.0,0.0
2019-02-12 17:22:45,00773,Balo Umbrella coktu L,130000.0,92000.0,0.0
2019-02-12 17:22:45,00774,Balo Umbrella terong L,130000.0,95000.0,0.0
2019-02-12 17:22:45,00775,Balo Umbrella putih L,130000.0,92000.0,0.0
2019-02-12 17:22:45,00776,Gms CantiQ Wollycrp maroon,110000.0,72000.0,0.0
2019-02-12 17:22:45,00777,Gms CantiQ Wollycrp hitam,110000.0,72000.0,0.0
2019-02-12 17:22:45,00778,Gms CantiQ Wollycrp navy,110000.0,72000.0,0.0
2019-02-12 17:22:45,00779,Gms CantiQ Wollycrp tosca,110000.0,72000.0,1.0
2019-02-12 17:22:45,00780,Gms CantiQ Wollycrp coktu,110000.0,72000.0,0.0
2019-02-12 17:22:45,00781,Gms CantiQ Wollycrp dupink,110000.0,72000.0,2.0
2019-02-12 17:22:45,00782,Mubina hitam,120000.0,79500.0,0.0
2019-02-12 17:22:45,00783,Mubina coksu,120000.0,79500.0,0.0
2019-02-12 17:22:45,00784,Mubina kunkun,120000.0,79500.0,0.0
2019-02-12 17:22:45,00785,Mubina dupink,120000.0,79500.0,2.0
2019-02-12 17:22:45,00786,Mubina dongker,120000.0,79500.0,2.0
2019-02-12 17:22:45,00787,Mubina hitol,120000.0,79500.0,2.0
2019-02-12 17:22:45,00788,Mubina caramel,120000.0,79500.0,3.0
2019-02-12 17:22:45,00789,Mubina birpas,120000.0,79500.0,0.0
2019-02-12 17:22:45,00790,Mubina magenta,120000.0,79500.0,2.0
2019-02-12 17:22:45,00791,Mubina dark khaki,120000.0,79500.0,1.0
2019-02-12 17:22:45,00792,Brinji Lime L,158000.0,121000.0,0.0
2019-02-12 17:22:45,00793,Brinji dupink L,158000.0,121000.0,0.0
2019-02-12 17:22:45,00794,Brinji dupink M,158000.0,121000.0,0.0
2019-02-12 17:22:45,00795,Brinji coksu M,158000.0,121000.0,0.0
2019-02-12 17:22:45,00796,Balo Umbrella abu tua xxl ,150000.0,115000.0,-1.0
2019-02-12 17:22:45,00797,Balo Umbrella hitam M,130000.0,95000.0,0.0
2019-02-12 17:22:45,00798,Balo Umbrella tosca S,130000.0,95000.0,0.0
2019-02-12 17:22:45,00799,Yamuna denim,48000.0,34000.0,0.0
2019-02-12 17:22:45,00800,Yamuna coral,48000.0,34000.0,0.0
2019-02-12 17:22:45,00801,Yamuna choco,48000.0,34000.0,0.0
2019-02-12 17:22:45,00802,Yamuna buttermilk,48000.0,34200.0,8.0
2019-02-12 17:22:45,00803,Yamuna watermelon,48000.0,34000.0,0.0
2019-02-12 17:22:45,00804,Yamuna ginger,48000.0,34000.0,2.0
2019-02-12 17:22:45,00805,Yamuna sand,48000.0,34200.0,3.0
2019-02-12 17:22:45,00806,Yamuna honeydew,48000.0,34000.0,0.0
2019-02-12 17:22:45,00807,Yamuna darkgrey,48000.0,34000.0,0.0
2019-02-12 17:22:45,00808,Yamuna slategrey,48000.0,34200.0,5.0
2019-02-12 17:22:45,00809,Yamuna black,48000.0,34200.0,7.0
2019-02-12 17:22:45,00810,Yamuna maroon,48000.0,34000.0,1.0
2019-02-12 17:22:45,00811,Yamuna rosewood,48000.0,34200.0,2.0
2019-02-12 17:22:45,00812,Yamuna med turquoise,48000.0,34000.0,0.0
2019-02-12 17:22:45,00813,Yamuna darkpurple,48000.0,34000.0,1.0
2019-02-12 17:22:45,00814,Yamuna red,48000.0,34000.0,1.0
2019-02-12 17:22:45,00815,Tilapia M grey,115000.0,82500.0,1.0
2019-02-12 17:22:45,00816,Tilapia M bronze,115000.0,82500.0,1.0
2019-02-12 17:22:45,00817,Tilapia M black,115000.0,82500.0,1.0
2019-02-12 17:22:45,00818,Tilapia M pink,115000.0,82500.0,1.0
2019-02-12 17:22:45,00819,Balo Umbrella putih S,130000.0,95000.0,0.0
2019-02-12 17:22:45,00820,Balo Umbrella coktu XL,130000.0,95000.0,0.0
2019-02-12 17:22:45,00821,CLD CK379 merah M,90000.0,61000.0,0.0
2019-02-12 17:22:45,00822,CLD CK379 merah L,90000.0,61000.0,1.0
2019-02-12 17:22:45,00823,CLD CK379 merah XL,90000.0,61000.0,2.0
2019-02-12 17:22:45,00824,CLD CK379 pink M,90000.0,61000.0,0.0
2019-02-12 17:22:45,00825,CLD CK379 pink L,90000.0,61000.0,1.0
2019-02-12 17:22:45,00826,CLD CK379 pink XL,90000.0,61000.0,2.0
2019-02-12 17:22:45,00827,CLD CK379 ungu M,90000.0,61000.0,0.0
2019-02-12 17:22:45,00828,CLD CK379 ungu L,90000.0,61000.0,1.0
2019-02-12 17:22:45,00829,CLD CK379 ungu XL,90000.0,61000.0,1.0
2019-02-12 17:22:45,00830,CLD CK379 kuning M,90000.0,61000.0,1.0
2019-02-12 17:22:45,00831,CLD CK379 kuning L,90000.0,61000.0,1.0
2019-02-12 17:22:45,00832,CLD CK379 kuning XL,90000.0,61000.0,2.0
2019-02-12 17:22:45,00833,CLD CK379 biru M,90000.0,61000.0,1.0
2019-02-12 17:22:45,00834,CLD CK379 biru L,90000.0,61000.0,0.0
2019-02-12 17:22:45,00835,CLD CK379 biru XL,90000.0,61000.0,1.0
2019-02-12 17:22:45,00836,Junai beige L,69000.0,52750.0,0.0
2019-02-12 17:22:45,00837,Junai pink L,69000.0,52750.0,0.0
2019-02-12 17:22:45,00838,Junai maroon L,69000.0,52750.0,0.0
2019-02-12 17:22:45,00839,Junai light coral L,69000.0,52750.0,0.0
2019-02-12 17:22:45,00840,Junai coffee L,69000.0,52750.0,1.0
2019-02-12 17:22:45,00841,Junai magenta L,69000.0,52750.0,0.0
2019-02-12 17:22:45,00842,Junai terracota L,69000.0,52750.0,0.0
2019-02-12 17:22:45,00843,Meiza hitos,92000.0,61000.0,1.0
2019-02-12 17:22:45,00844,Meiza kunkun,92000.0,61000.0,0.0
2019-02-12 17:22:45,00845,Meiza coksumud,94000.0,62500.0,0.0
2019-02-12 17:22:45,00846,Meiza birmud,92000.0,61000.0,0.0
2019-02-12 17:22:45,00847,Meiza hipas,92000.0,61000.0,0.0
2019-02-12 17:22:45,00848,Meiza taro,92000.0,61000.0,0.0
2019-02-12 17:22:45,00849,Alpine maroon M,279000.0,214250.0,0.0
2019-02-12 17:22:45,00850,Junai grape L,69000.0,52750.0,0.0
2019-02-12 17:22:45,00851,Junai duspurple L,69000.0,52750.0,0.0
2019-02-12 17:22:45,00852,Jingjing pink XL,79000.0,60250.0,0.0
2019-02-12 17:22:45,00853,Jingjing beige XL,79000.0,60250.0,0.0
2019-02-12 17:22:45,00854,Jingjing maroon XL,79000.0,60250.0,1.0
2019-02-12 17:22:45,00855,Jingjing lightcoral XL,79000.0,60250.0,0.0
2019-02-12 17:22:45,00856,Jingjing lavender XL,79000.0,60250.0,0.0
2019-02-12 17:22:45,00857,Jingjing blue XL,79000.0,60250.0,0.0
2019-02-12 17:22:45,00858,Jingjing coffee XL,79000.0,60250.0,0.0
2019-02-12 17:22:45,00859,Jingjing magenta XL,79000.0,60250.0,1.0
2019-02-12 17:22:45,00860,Jingjing darkgrey XL,79000.0,60250.0,0.0
2019-02-12 17:22:45,00861,Junai aquamarine L,69000.0,52750.0,0.0
2019-02-12 17:22:45,00862,Delisha hitam,80000.0,53300.0,11.0
2019-02-12 17:22:45,00863,Delisha hijau,80000.0,53000.0,0.0
2019-02-12 17:22:45,00864,Delisha maroon,80000.0,53300.0,0.0
2019-02-12 17:22:45,00865,Delisha cokPNS,80000.0,53000.0,0.0
2019-02-12 17:22:45,00866,Delisha kunkun,80000.0,53000.0,0.0
2019-02-12 17:22:45,00867,Delisha dupink,80000.0,53200.0,0.0
2019-02-12 17:22:45,00868,Delisha dongker,80000.0,53300.0,1.0
2019-02-12 17:22:45,00869,Delisha abumis,80000.0,53000.0,0.0
2019-02-12 17:22:45,00870,Delisha guava,80000.0,53000.0,0.0
2019-02-12 17:22:45,00871,Delisha taro,80000.0,53000.0,0.0
2019-02-12 17:22:45,00872,Dadali white XL,168750.0,126500.0,0.0
2019-02-12 17:22:45,00873,Namira kunkun,100000.0,66500.0,0.0
2019-02-12 17:22:45,00874,Namira birtostu,100000.0,66500.0,2.0
2019-02-12 17:22:45,00875,Namira pink pekat,100000.0,66500.0,0.0
2019-02-12 17:22:45,00876,Namira taro,100000.0,66500.0,0.0
2019-02-12 17:22:45,00877,Namira pink rose,100000.0,66500.0,3.0
2019-02-12 17:22:45,00878,Namira lavender,100000.0,66500.0,0.0
2019-02-12 17:22:45,00879,Namira cinamon,100000.0,66500.0,1.0
2019-02-12 17:22:45,00880,Amartani salemredup,52000.0,39750.0,0.0
2019-02-12 17:22:45,00881,Amartani ungu terong,52000.0,39750.0,0.0
2019-02-12 17:22:45,00882,Amartani dongker,52000.0,39750.0,0.0
2019-02-12 17:22:45,00883,Amartani merah,52000.0,39750.0,2.0
2019-02-12 17:22:45,00884,Amartani coksu,52000.0,39750.0,0.0
2019-02-12 17:22:45,00885,Amartani biru,52000.0,39750.0,0.0
2019-02-12 17:22:45,00886,Amartani birtostu,52000.0,39750.0,1.0
2019-02-12 17:22:45,00887,Amartani abutua,52000.0,39750.0,1.0
2019-02-12 17:22:45,00888,Amartani benhur,52000.0,39750.0,0.0
2019-02-12 17:22:45,00889,Amartani birpas,52000.0,39750.0,0.0
2019-02-12 17:22:45,00890,Alifa 130 Taro,57000.0,38300.0,0.0
2019-02-12 17:22:45,00891,Irtish dark grey,48000.0,34100.0,0.0
2019-02-12 17:22:45,00892,Balo Umbrella merah bata XL,130000.0,95000.0,0.0
2019-02-12 17:22:45,00893,Balo Umbrella merah L,130000.0,95000.0,0.0
2019-02-12 17:22:45,00894,Balo Umbrella army S,130000.0,95000.0,0.0
2019-02-12 17:22:45,00895,Irtish dark purple,48000.0,34100.0,1.0
2019-02-12 17:22:45,00896,Irtish slate grey,48000.0,34100.0,0.0
2019-02-12 17:22:45,00897,Irtish coral,48000.0,34100.0,0.0
2019-02-12 17:22:45,00898,Irtish ginger,48000.0,34100.0,1.0
2019-02-12 17:22:45,00899,Irtish sand,48000.0,34100.0,0.0
2019-02-12 17:22:45,00900,Irtish redbrick,48000.0,34100.0,1.0
2019-02-12 17:22:45,00901,Irtish dbgreen,48000.0,34100.0,0.0
2019-02-12 17:22:45,00902,Irtish mauve,48000.0,34100.0,0.0
2019-02-12 17:22:45,00903,Irtish choco,48000.0,34100.0,1.0
2019-02-12 17:22:45,00904,Irtish black a,48000.0,34100.0,1.0
2019-02-12 17:22:45,00905,Irtish black b,48000.0,34100.0,0.0
2019-02-12 17:22:45,00906,Irtish rosewood,48000.0,34100.0,0.0
2019-02-12 17:22:45,00907,Irtish maroon,48000.0,34100.0,1.0
2019-02-12 17:22:45,00908,Irtish red violet,48000.0,34100.0,1.0
2019-02-12 17:22:45,00909,LenaRose dbgreen,42000.0,29900.0,2.0
2019-02-12 17:22:45,00910,LenaRose navy,42000.0,29900.0,2.0
2019-02-12 17:22:45,00911,LenaRose pumpkin,42000.0,29900.0,1.0
2019-02-12 17:22:45,00912,Syahida L hitos,95000.0,62750.0,2.0
2019-02-12 17:22:45,00913,Syahida L kremmud,95000.0,62750.0,3.0
2019-02-12 17:22:45,00914,Syahida L salem,95000.0,62750.0,0.0
2019-02-12 17:22:45,00915,Syahida L turqis,95000.0,62750.0,2.0
2019-02-12 17:22:45,00916,Syahida L mustdup,95000.0,62750.0,2.0
2019-02-12 17:22:45,00917,Syahida M hitam,91000.0,60150.0,6.0
2019-02-12 17:22:45,00918,Syahida M benhur,91000.0,60150.0,0.0
2019-02-12 17:22:45,00919,Syahida M abumud,91000.0,60150.0,0.0
2019-02-12 17:22:45,00920,Syahida M p.fanta,91000.0,60150.0,0.0
2019-02-12 17:22:45,00921,Syahida M dongker,91000.0,60150.0,4.0
2019-02-12 17:22:45,00922,Syahida M taro,91000.0,60150.0,0.0
2019-02-12 17:22:45,00923,Ciput Annissa caramel-dupink,25000.0,16750.0,0.0
2019-02-12 17:22:45,00924,Ciput Annissa caramel-hitam,25000.0,16750.0,0.0
2019-02-12 17:22:45,00925,Ciput Annissa coksu-hitam,25000.0,16750.0,0.0
2019-02-12 17:22:45,00926,Ciput Annissa dupink-hitam,25000.0,16750.0,0.0
2019-02-12 17:22:45,00927,Ciput Annissa dupink-silver,25000.0,16750.0,0.0
2019-02-12 17:22:45,00928,Ciput Annissa dupinktu-putih,25000.0,16750.0,0.0
2019-02-12 17:22:45,00929,Ciput Annissa krem-dupinktu,25000.0,16750.0,1.0
2019-02-12 17:22:45,00930,Ciput Annissa silver-caramel,25000.0,16750.0,0.0
2019-02-12 17:22:45,00931,Ciput Annissa silver-hitam,25000.0,16750.0,0.0
2019-02-12 17:22:45,00932,Ciput Annissa ungdup-krem,25000.0,16750.0,0.0
2019-02-12 17:22:45,00933,CLD CK387 M hitam,90000.0,61100.0,0.0
2019-02-12 17:22:45,00934,CLD CK387 M navy,90000.0,61100.0,0.0
2019-02-12 17:22:45,00935,CLD CK387 M tosca,90000.0,61100.0,0.0
2019-02-12 17:22:45,00936,CLD CK387 XL tosca,90000.0,61100.0,0.0
2019-02-12 17:22:45,00937,CLD CK388 M hitam,90000.0,61100.0,0.0
2019-02-12 17:22:45,00938,CLD CK388 M navy,90000.0,61100.0,0.0
2019-02-12 17:22:45,00939,CLD CK388 L hitam,90000.0,61100.0,0.0
2019-02-12 17:22:45,00940,CLD CK388 L navy,90000.0,61100.0,0.0
2019-02-12 17:22:45,00941,CLD CK388 XL hitam,90000.0,61100.0,0.0
2019-02-12 17:22:45,00942,CLD CK388 XL navy,90000.0,61100.0,0.0
2019-02-12 17:22:45,00943,Gamis Syahidah S biru,135000.0,97100.0,1.0
2019-02-12 17:22:45,00944,Gamis Syahidah S kubus,135000.0,97100.0,1.0
2019-02-12 17:22:45,00945,Gamis Syahidah M biru,135000.0,97100.0,0.0
2019-02-12 17:22:45,00946,Gamis Syahidah M kubus,135000.0,97100.0,0.0
2019-02-12 17:22:45,00947,Gamis Syahidah M rose,135000.0,97100.0,1.0
2019-02-12 17:22:45,00948,Gamis Syahidah L biru,135000.0,97100.0,1.0
2019-02-12 17:22:45,00949,Gamis Syahidah L kubus,135000.0,97100.0,1.0
2019-02-12 17:22:45,00950,Gamis Syahidah L rose,135000.0,97100.0,1.0
2019-02-12 17:22:45,00951,Gamis Syahidah XL biru,135000.0,97100.0,0.0
2019-02-12 17:22:45,00952,Gamis Syahidah XL rose,135000.0,97100.0,1.0
2019-02-12 17:22:45,00953,Qaila dupink,83000.0,55300.0,1.0
2019-02-12 17:22:45,00954,Qaila hitam,83000.0,55300.0,0.0
2019-02-12 17:22:45,00955,Qaila coksu,83000.0,55300.0,4.0
2019-02-12 17:22:45,00956,Qaila birpas,83000.0,55300.0,1.0
2019-02-12 17:22:45,00957,Qaila caramel,83000.0,55300.0,4.0
2019-02-12 17:22:45,00958,Qaila d.khaki,83000.0,55300.0,2.0
2019-02-12 17:22:45,00959,Qaila hitol,83000.0,55300.0,3.0
2019-02-12 17:22:45,00960,Qaila dongker,83000.0,55300.0,0.0
2019-02-12 17:22:45,00961,Qaila kunkun,83000.0,55300.0,1.0
2019-02-12 17:22:45,00962,Qaila magenta,83000.0,55200.0,3.0
2019-02-12 17:22:45,00963,Naisya hitam,108000.0,72000.0,0.0
2019-02-12 17:22:45,00964,Naisya abu,108000.0,72000.0,0.0
2019-02-12 17:22:45,00965,Naisya maroon,108000.0,72000.0,0.0
2019-02-12 17:22:45,00966,Naisya kunkun,108000.0,72000.0,0.0
2019-02-12 17:22:45,00967,Naisya ungmud,108000.0,72000.0,2.0
2019-02-12 17:22:45,00968,Naisya coksumud,108000.0,72000.0,0.0
2019-02-12 17:22:45,00969,Naisya coklat,108000.0,72000.0,0.0
2019-02-12 17:22:45,00970,Naisya army,108000.0,72000.0,0.0
2019-02-12 17:22:45,00971,Belaya redplum,35000.0,25000.0,1.0
2019-02-12 17:22:45,00972,Belaya mauve,35000.0,25000.0,2.0
2019-02-12 17:22:45,00973,Belaya dbgreen,35000.0,25000.0,1.0
2019-02-12 17:22:45,00974,Belaya denim,35000.0,25000.0,0.0
2019-02-12 17:22:45,00975,Belaya redbrick,35000.0,2500.0,0.0
2019-02-12 17:22:45,00976,ginger,35000.0,25000.0,0.0
2019-02-12 17:22:45,00977,Belaya darkpurple,35000.0,25000.0,1.0
2019-02-12 17:22:45,00978,Syakira L hipas,91000.0,60500.0,1.0
2019-02-12 17:22:45,00979,Syakira L hitam,91000.0,60500.0,0.0
2019-02-12 17:22:45,00980,Syakira L abumuda,91000.0,60500.0,0.0
2019-02-12 17:22:45,00981,Syakira L cokPNS,91000.0,60500.0,3.0
2019-02-12 17:22:45,00982,Syakira L dongker,91000.0,60500.0,1.0
2019-02-12 17:22:45,00983,Syakira L cokbat,91000.0,60500.0,2.0
2019-02-12 17:22:45,00984,Syakira L dupink,91000.0,60500.0,1.0
2019-02-12 17:22:45,00985,Syakira M benhur,87000.0,58000.0,1.0
2019-02-12 17:22:45,00986,Syakira M avocado,87000.0,58000.0,2.0
2019-02-12 17:22:45,00987,Plain red,35000.0,25000.0,1.0
2019-02-12 17:22:45,00988,Plain egg,35000.0,0.0,0.0
2019-02-12 17:22:45,00989,Plain black,35000.0,25000.0,2.0
2019-02-12 17:22:45,00990,Plain navy,35000.0,25000.0,4.0
2019-02-12 17:22:45,00991,Plain salmon,35000.0,25000.0,1.0
2019-02-12 17:22:45,00992,Plain redplum,35000.0,25000.0,1.0
2019-02-12 17:22:45,00993,Plain slategray,35000.0,25000.0,0.0
2019-02-12 17:22:45,00994,Plain beige,35000.0,25000.0,0.0
2019-02-12 17:22:45,00995,Plain choco,35000.0,25000.0,0.0
2019-02-12 17:22:45,00996,Plain orchid,35000.0,25000.0,2.0
2019-02-12 17:22:45,00997,Plain medturquoise,35000.0,25000.0,1.0
2019-02-12 17:22:45,00998,Plain ginger,35000.0,25000.0,2.0
2019-02-12 17:22:45,00999,Plain royalblue,35000.0,25000.0,1.0
2019-02-12 17:22:45,01000,Plain maroon,35000.0,25000.0,0.0
2019-02-12 17:22:45,01001,Plain roseberry,35000.0,25000.0,1.0
2019-02-12 17:22:45,01002,Plain lilac,35000.0,25000.0,1.0
2019-02-12 17:22:45,01003,Hanifa L maroon,125000.0,82750.0,0.0
2019-02-12 17:22:45,01004,Hanifa L kunkun,125000.0,82750.0,0.0
2019-02-12 17:22:45,01005,Hanifa L coksumud,125000.0,82750.0,0.0
2019-02-12 17:22:45,01006,Hanifa L dupink,125000.0,82750.0,1.0
2019-02-12 17:22:45,01007,Hanifa L dongker,125000.0,82750.0,0.0
2019-02-12 17:22:45,01008,Hanifa L milo,125000.0,82750.0,0.0
2019-02-12 17:22:45,01009,Mayrani salem,65000.0,48700.0,1.0
2019-02-12 17:22:45,01010,Mayrani abumuda,65000.0,48700.0,2.0
2019-02-12 17:22:45,01011,Mayrani dongker,65000.0,48700.0,2.0
2019-02-12 17:22:45,01012,Mayrani maroon,65000.0,48700.0,0.0
2019-02-12 17:22:45,01013,Mayrani kunkun,65000.0,48700.0,2.0
2019-02-12 17:22:45,01014,Amartani motif 6,60000.0,43400.0,0.0
2019-02-12 17:22:45,01015,Nabila 130 biru,57000.0,38500.0,0.0
2019-02-12 17:22:45,01016,Nabila 130 putul,57000.0,38500.0,0.0
2019-02-12 17:22:45,01017,Nabila 130 dupink,57000.0,38500.0,0.0
2019-02-12 17:22:45,01018,Nabila 150 hitam,59000.0,39700.0,2.0
2019-02-12 17:22:45,01019,Nabila 150 putul,59000.0,39700.0,1.0
2019-02-12 17:22:45,01020,Nabila 150 krem,59000.0,39700.0,0.0
2019-02-12 17:22:45,01021,Nabila 150 pinktu,59000.0,39700.0,2.0
2019-02-12 17:22:45,01022,Jingjing maroon M,59000.0,45100.0,1.0
2019-02-12 17:22:45,01023,Delisha mot1,95000.0,63200.0,7.0
2019-02-12 17:22:45,01024,Delisha mot2,95000.0,63200.0,10.0
2019-02-12 17:22:45,01025,Delisha mot3,95000.0,63200.0,9.0
2019-02-12 17:22:45,01026,Delisha mot4,95000.0,63200.0,1.0
2019-02-12 17:22:45,01027,Delisha mot5,95000.0,63200.0,10.0
2019-02-12 17:22:45,01028,Meiza Krem,94000.0,62500.0,8.0
2019-02-12 17:22:45,01029,Meiza Kremud,94000.0,62500.0,3.0
2019-02-12 17:22:45,01030,Meiza birpas,94000.0,62500.0,2.0
2019-02-12 17:22:45,01031,Meiza milo,94000.0,62500.0,0.0
2019-02-12 17:22:45,01032,Yamuna navy,48000.0,34200.0,3.0
2019-02-12 17:22:45,01033,Yamuna bw,48000.0,34200.0,1.0
2019-02-12 17:22:45,01034,Yamuna pink,48000.0,34200.0,0.0
2019-02-12 17:22:45,01035,Maharani histab,75000.0,53000.0,3.0
2019-02-12 17:22:45,01036,Maharani dongker,75000.0,53000.0,3.0
2019-02-12 17:22:45,01037,Maharani dupink,75000.0,53000.0,3.0
2019-02-12 17:22:45,01038,Maharani kremud,75000.0,53000.0,1.0
2019-02-12 17:22:45,01039,Maharani maroon,75000.0,53000.0,3.0
2019-02-12 17:22:45,01040,Maharani salem,75000.0,53000.0,2.0
2019-02-12 17:22:45,01041,Maharani benhur,75000.0,53000.0,2.0
2019-02-12 17:22:45,01042,Kalila abutua,130000.0,85700.0,5.0
2019-02-12 17:22:45,01043,Kalila ungu,130000.0,85700.0,3.0
2019-02-12 17:22:45,01044,Kalila mocca,130000.0,85700.0,4.0
2019-02-12 17:22:45,01045,Kalila dupinktu,130000.0,85700.0,3.0
2019-02-12 17:22:45,01046,Kalila capucino,130000.0,85700.0,1.0
2019-02-12 17:22:45,01047,Kanaya abumud,95000.0,63000.0,0.0
2019-02-12 17:22:45,01048,Kanaya abutua,95000.0,63000.0,1.0
2019-02-12 17:22:45,01049,Kanaya cokbat,95000.0,63000.0,4.0
2019-02-12 17:22:45,01050,Kanaya cokPNS,95000.0,63000.0,4.0
2019-02-12 17:22:45,01051,Kanaya dupink,95000.0,63000.0,1.0
2019-02-12 17:22:45,01052,Kanaya kunkun,95000.0,63000.0,0.0
2019-02-12 17:22:45,01053,Kanaya lavender,95000.0,63000.0,2.0
2019-02-12 17:22:45,01054,Kanaya maroon,95000.0,63000.0,0.0
2019-02-12 17:22:45,01055,Kanaya army,95000.0,63000.0,0.0
2019-02-12 17:22:45,01056,Kanaya putih,95000.0,63000.0,0.0
2019-02-12 17:22:45,01057,Alifa130 abutua,59500.0,38300.0,2.0
2019-02-12 17:22:45,01058,Alifa130 abumuda,59500.0,38300.0,5.0
2019-02-12 17:22:45,01059,Alifa130 lavender,59500.0,38000.0,5.0
2019-02-12 17:22:45,01060,Alifa130 moctu,59500.0,38000.0,3.0
2019-02-12 17:22:45,01061,Delisha abumud,80000.0,53300.0,0.0
2019-02-12 17:22:45,01062,Delisha caramel,80000.0,53200.0,4.0
2019-02-12 17:22:45,01063,Delisha birmud,80000.0,53300.0,5.0
2019-02-12 17:22:45,01064,Delisha hipas,80000.0,53200.0,3.0
2019-02-12 17:22:45,01065,Delisha salem,80000.0,53200.0,0.0
2019-02-12 17:22:45,01066,Alika Mot1,75000.0,50000.0,4.0
2019-02-12 17:22:45,01067,Alika Mot2,75000.0,50000.0,3.0
2019-02-12 17:22:45,01068,Alika Mot3,75000.0,50000.0,1.0
2019-02-12 17:22:45,01069,Alika Mot4,75000.0,50000.0,2.0
2019-02-12 17:22:45,01070,Alika Mot5,75000.0,50000.0,0.0
2019-02-12 17:22:45,01071,Alika Mot6,75000.0,50000.0,0.0
2019-02-12 17:22:45,01072,Alika Mot7,75000.0,50000.0,0.0
2019-02-12 17:22:45,01073,Alika Mot8,75000.0,50000.0,0.0
2019-02-12 17:22:45,01074,Safeea dongker,95000.0,63000.0,1.0
2019-02-12 17:22:45,01075,Safeea birpas,95000.0,63000.0,1.0
2019-02-12 17:22:45,01076,Safeea maroon,95000.0,63000.0,0.0
2019-02-12 17:22:45,01077,Safeea abu,95000.0,63000.0,0.0
2019-02-12 17:22:45,01078,Safeea coksumud,95000.0,63000.0,1.0
2019-02-12 17:22:45,01079,New Yanisse black,52000.0,36900.0,11.0
2019-02-12 17:22:45,01080,New Yanisse mint,52000.0,36900.0,2.0
2019-02-12 17:22:45,01081,New Yanisse sand,52000.0,36900.0,6.0
2019-02-12 17:22:45,01082,New Yanisse maroon,52000.0,36900.0,3.0
2019-02-12 17:22:45,01083,New Yanisse rosewood,52000.0,36900.0,2.0
2019-02-12 17:22:45,01084,New Yanisse ginger,52000.0,36900.0,2.0
2019-02-12 17:22:45,01085,New Yanisse sunror,52000.0,36900.0,2.0
2019-02-12 17:22:45,01086,New Yanisse slategray,52000.0,36900.0,6.0
2019-02-12 17:22:45,01087,New Yanisse darkgrey,52000.0,36900.0,2.0
2019-02-12 17:22:45,01088,Andria hitam,99000.0,66300.0,2.0
2019-02-12 17:22:45,01089,Andria abumuda,99000.0,66300.0,1.0
2019-02-12 17:22:45,01090,Andria maroon,99000.0,66300.0,1.0
2019-02-12 17:22:45,01091,Andria dongker,99000.0,66300.0,0.0
2019-02-12 17:22:45,01092,Andria pink,99000.0,66300.0,1.0
2019-02-12 17:22:45,01093,Andria ungmud,99000.0,66300.0,1.0
2019-02-12 17:22:45,01094,Andria coksumud,99000.0,66300.0,1.0
2019-02-12 17:22:45,01095,Andria birmud,99000.0,66300.0,0.0
2019-02-12 17:22:45,01096,BelayaThumb black,46000.0,33200.0,5.0
2019-02-12 17:22:45,01097,BelayaThumb buttermilk,46000.0,33200.0,1.0
2019-02-12 17:22:45,01098,BelayaThumb beige,46000.0,33200.0,1.0
2019-02-12 17:22:45,01099,BelayaThumb sand,46000.0,33200.0,1.0
2019-02-12 17:22:45,01100,BelayaThumb navy,46000.0,33200.0,1.0
2019-02-12 17:22:45,01101,BelayaThumb rosewood,46000.0,33200.0,0.0
